CREATE DATABASE  IF NOT EXISTS `ticketmanagementsystem` /*!40100 DEFAULT CHARACTER SET utf8mb4 COLLATE utf8mb4_0900_ai_ci */ /*!80016 DEFAULT ENCRYPTION='N' */;
USE `ticketmanagementsystem`;
-- MySQL dump 10.13  Distrib 8.0.30, for macos12 (x86_64)
--
-- Host: localhost    Database: ticketmanagementsystem
-- ------------------------------------------------------
-- Server version	8.0.30

/*!40101 SET @OLD_CHARACTER_SET_CLIENT=@@CHARACTER_SET_CLIENT */;
/*!40101 SET @OLD_CHARACTER_SET_RESULTS=@@CHARACTER_SET_RESULTS */;
/*!40101 SET @OLD_COLLATION_CONNECTION=@@COLLATION_CONNECTION */;
/*!50503 SET NAMES utf8 */;
/*!40103 SET @OLD_TIME_ZONE=@@TIME_ZONE */;
/*!40103 SET TIME_ZONE='+00:00' */;
/*!40014 SET @OLD_UNIQUE_CHECKS=@@UNIQUE_CHECKS, UNIQUE_CHECKS=0 */;
/*!40014 SET @OLD_FOREIGN_KEY_CHECKS=@@FOREIGN_KEY_CHECKS, FOREIGN_KEY_CHECKS=0 */;
/*!40101 SET @OLD_SQL_MODE=@@SQL_MODE, SQL_MODE='NO_AUTO_VALUE_ON_ZERO' */;
/*!40111 SET @OLD_SQL_NOTES=@@SQL_NOTES, SQL_NOTES=0 */;

--
-- Table structure for table `change_ticket`
--

DROP TABLE IF EXISTS `change_ticket`;
/*!40101 SET @saved_cs_client     = @@character_set_client */;
/*!50503 SET character_set_client = utf8mb4 */;
CREATE TABLE `change_ticket` (
  `ticket_id` varchar(20) NOT NULL,
  `description` varchar(255) NOT NULL,
  `start_date` date NOT NULL,
  `status` enum('Open','In Progress','Closed') DEFAULT NULL,
  `priority` enum('P1','P2','P3','P4') DEFAULT NULL,
  `sprint_id` int NOT NULL,
  `created_by` int NOT NULL,
  `acceptor` int NOT NULL,
  `implementor` int NOT NULL,
  PRIMARY KEY (`ticket_id`),
  KEY `fk_change_sprint` (`sprint_id`),
  KEY `fk_change_emp` (`created_by`),
  KEY `fk_change_emp_accept` (`acceptor`),
  KEY `fk_change_emp_implement` (`implementor`),
  CONSTRAINT `fk_change_emp` FOREIGN KEY (`created_by`) REFERENCES `employee` (`emp_id`) ON DELETE CASCADE ON UPDATE CASCADE,
  CONSTRAINT `fk_change_emp_accept` FOREIGN KEY (`acceptor`) REFERENCES `employee` (`emp_id`) ON DELETE CASCADE ON UPDATE CASCADE,
  CONSTRAINT `fk_change_emp_implement` FOREIGN KEY (`implementor`) REFERENCES `employee` (`emp_id`) ON DELETE CASCADE ON UPDATE CASCADE,
  CONSTRAINT `fk_change_sprint` FOREIGN KEY (`sprint_id`) REFERENCES `sprint` (`sprint_id`) ON DELETE CASCADE ON UPDATE CASCADE
) ENGINE=InnoDB DEFAULT CHARSET=utf8mb4 COLLATE=utf8mb4_0900_ai_ci;
/*!40101 SET character_set_client = @saved_cs_client */;

--
-- Dumping data for table `change_ticket`
--

LOCK TABLES `change_ticket` WRITE;
/*!40000 ALTER TABLE `change_ticket` DISABLE KEYS */;
INSERT INTO `change_ticket` VALUES ('CHG00007','uk.co.ebay.Asoka','2003-01-26','Open','P1',78,33,44,95),('CHG00085','cn.360.Stringtough','2000-08-05','In Progress','P1',38,95,51,11),('CHG00166','gov.irs.Asoka','2001-09-24','In Progress','P1',76,79,19,38),('CHG00360','net.clickbank.Solarbreeze','2011-08-16','Open','P2',60,79,60,6),('CHG00427','au.net.abc.Rank','2011-02-23','Open','P3',97,3,1,92),('CHG00513','cn.com.people.Home Ing','2016-10-02','Open','P2',30,97,55,26),('CHG00526','com.twitpic.Ronstring','2022-01-25','Open','P3',10,61,77,78),('CHG00592','gov.usgs.Quo Lux','2012-09-18','In Progress','P2',67,85,31,73),('CHG00707','com.zimbio.Daltfresh','2004-01-13','Open','P2',54,73,98,77),('CHG01082','jp.japanpost.Sub-Ex','2012-07-02','Closed','P1',11,89,41,92),('CHG01425','ca.google.Biodex','2000-12-28','In Progress','P2',79,54,31,34),('CHG01500','com.weather.Hatity','2008-04-22','In Progress','P2',7,4,31,17),('CHG01642','com.businessinsider.Sonair','2004-05-03','In Progress','P1',16,75,28,32),('CHG01703','com.usnews.Fintone','2010-12-22','In Progress','P2',84,32,99,6),('CHG01714','org.pbs.Overhold','2015-09-22','Open','P3',88,18,8,80),('CHG01807','uk.co.thetimes.Span','2019-07-26','In Progress','P2',16,74,88,12),('CHG01848','com.etsy.Latlux','2001-06-05','In Progress','P2',34,39,23,83),('CHG02335','com.nationalgeographic.Sonair','2008-07-27','Open','P2',5,39,18,20),('CHG02412','com.globo.Toughjoyfax','2018-09-28','Closed','P2',33,20,31,64),('CHG02416','com.businesswire.Zontrax','2017-06-02','Open','P1',45,68,63,59),('CHG02497','com.hao123.Redhold','2021-02-05','Closed','P1',7,96,92,87),('CHG03088','com.tinypic.Veribet','2000-12-21','Closed','P1',84,78,73,13),('CHG03146','edu.uiuc.Zontrax','2008-11-16','In Progress','P2',48,97,54,89),('CHG03174','com.blogspot.Zathin','2016-10-27','In Progress','P2',40,7,34,73),('CHG03515','com.naver.Asoka','2000-09-22','Closed','P2',8,1,95,93),('CHG03677','com.deviantart.Cardify','2001-08-25','In Progress','P1',32,51,89,44),('CHG03871','com.sun.Sub-Ex','2002-03-02','Closed','P3',8,71,85,32),('CHG03892','com.sciencedirect.Temp','2005-07-09','Closed','P1',28,47,98,48),('CHG03894','edu.si.Y-find','2010-10-24','In Progress','P2',99,79,100,70),('CHG03913','com.jimdo.Stim','2022-11-24','In Progress','P3',76,45,68,70),('CHG03989','org.wikipedia.Subin','2007-12-03','In Progress','P2',45,26,28,75),('CHG04052','com.springer.Alphazap','2014-02-10','In Progress','P2',74,83,62,71),('CHG04195','com.mozilla.Job','2000-01-12','In Progress','P2',5,25,73,94),('CHG04212','fr.free.Y-Solowarm','2002-04-02','In Progress','P2',92,72,98,95),('CHG04225','jp.shop-pro.Alpha','2006-03-22','In Progress','P1',14,48,93,59),('CHG04411','jp.co.rakuten.Tres-Zap','2010-01-06','Closed','P1',52,5,64,52),('CHG04508','org.unicef.Otcom','2003-08-10','In Progress','P1',19,49,76,14),('CHG04734','com.wix.Temp','2016-08-24','In Progress','P1',32,79,79,5),('CHG04775','edu.virginia.Konklux','2022-01-03','In Progress','P2',72,72,76,11),('CHG04991','com.addtoany.Aerified','2002-06-02','In Progress','P1',59,87,24,70),('CHG05221','com.woothemes.Namfix','2010-10-27','Closed','P2',43,45,92,2),('CHG05288','jp.shop-pro.Sub-Ex','2001-04-26','Closed','P2',56,86,66,40),('CHG05470','uk.co.guardian.Regrant','2014-04-22','Closed','P1',79,22,33,78),('CHG05546','cn.com.people.Tin','2019-12-25','In Progress','P2',21,14,80,91),('CHG05955','jp.jugem.Tin','2020-01-22','Open','P2',9,57,71,63),('CHG05956','com.sciencedaily.Bytecard','2020-05-27','Closed','P3',47,96,74,81),('CHG06165','pl.home.Tres-Zap','2010-12-18','Closed','P1',19,27,42,10),('CHG06327','us.tx.state.Cookley','2014-12-02','In Progress','P2',43,68,92,23),('CHG06367','com.wsj.Namfix','2010-08-23','Open','P2',42,26,61,12),('CHG06400','org.unicef.Bitchip','2016-12-01','In Progress','P2',28,49,66,15),('CHG06606','org.prlog.Konklux','2005-04-06','In Progress','P2',98,69,16,40),('CHG06616','uk.co.dailymail.Konklux','2011-11-28','Open','P3',34,74,33,31),('CHG06631','com.netscape.Holdlamis','2018-06-01','In Progress','P1',1,17,87,17),('CHG06745','com.businessinsider.Lotstring','2002-01-01','Closed','P2',21,96,19,18),('CHG06834','com.reference.Duobam','2015-04-14','Open','P2',58,47,15,37),('CHG07162','com.scientificamerican.Biodex','2018-11-27','Open','P2',63,95,87,94),('CHG07295','com.scientificamerican.Matsoft','2007-04-25','In Progress','P2',39,64,40,77),('CHG07311','com.wired.Stronghold','2003-04-05','Open','P2',18,83,57,92),('CHG07329','org.mozilla.Daltfresh','2001-02-27','In Progress','P3',68,77,39,4),('CHG07358','gov.ca.Fintone','2005-12-03','In Progress','P2',47,12,77,4),('CHG07486','com.github.Zontrax','2008-10-04','Open','P2',58,98,14,79),('CHG07541','com.businessweek.Namfix','2007-03-29','Closed','P3',94,63,1,2),('CHG07554','gov.ftc.Ventosanzap','2019-01-19','In Progress','P2',37,92,27,23),('CHG07581','com.gravatar.Lotlux','2005-06-11','Closed','P2',29,40,80,25),('CHG07807','de.1und1.Bitwolf','2014-02-08','Closed','P2',21,82,24,59),('CHG07977','org.networkadvertising.Zaam-Dox','2005-07-13','In Progress','P3',97,10,49,75),('CHG08024','com.indiegogo.Opela','2007-04-26','Closed','P3',37,34,62,37),('CHG08121','pl.home.Voltsillam','2012-03-01','Closed','P2',21,37,95,86),('CHG08154','com.go.Zamit','2007-10-22','Closed','P2',26,19,93,89),('CHG08264','com.dagondesign.Mat Lam Tam','2005-03-15','In Progress','P3',6,38,100,52),('CHG08273','org.edublogs.Voltsillam','2003-06-19','In Progress','P2',73,35,22,6),('CHG08400','la.51.Asoka','2007-12-22','Open','P2',75,65,77,95),('CHG08534','com.biblegateway.Sonsing','2001-07-23','In Progress','P2',43,23,69,16),('CHG08654','org.networkadvertising.Rank','2013-04-20','In Progress','P2',19,39,52,13),('CHG08665','uk.co.webeden.Tampflex','2001-12-17','Open','P1',41,98,57,100),('CHG08830','edu.umn.It','2010-09-06','Closed','P2',19,84,90,66),('CHG08837','edu.unc.Biodex','2005-05-22','In Progress','P2',46,14,6,59),('CHG08870','com.1688.Keylex','2015-02-04','In Progress','P2',80,89,25,74),('CHG08994','com.sitemeter.Greenlam','2011-12-13','Closed','P3',80,34,48,3),('CHG09040','net.clickbank.Otcom','2006-05-12','Closed','P2',63,4,19,67),('CHG09143','com.sbwire.Bamity','2002-05-29','In Progress','P3',98,84,87,39),('CHG09205','com.springer.Sub-Ex','2012-05-31','In Progress','P2',52,17,17,73),('CHG09254','uk.co.bbc.Bytecard','2017-06-21','In Progress','P2',59,85,50,90),('CHG09263','jp.ne.biglobe.Kanlam','2021-11-01','Open','P1',13,88,8,88),('CHG09275','hk.com.google.Zontrax','2000-02-20','Closed','P2',1,93,55,6),('CHG09548','com.weibo.Ventosanzap','2009-12-17','Closed','P3',13,56,6,15),('CHG09592','gov.hhs.Daltfresh','2003-08-21','In Progress','P2',52,18,92,52),('CHG09663','au.net.abc.Fintone','2005-07-26','In Progress','P2',28,9,29,57),('CHG09716','com.bing.Bamity','2001-06-21','Closed','P2',33,12,37,76),('CHG09726','com.squarespace.Tempsoft','2010-12-10','In Progress','P2',38,92,20,39),('CHG09805','gov.fda.Zamit','2009-12-29','In Progress','P2',79,76,27,61),('CHG09840','gov.whitehouse.Quo Lux','2000-02-14','In Progress','P2',30,92,34,22),('CHG09927','net.discuz.Lotlux','2006-07-20','Open','P1',46,82,30,87),('CHG09971','com.xing.Job','2010-04-03','Closed','P2',92,34,22,84),('CHG09975','ru.odnoklassniki.Aerified','2005-09-18','Open','P3',7,56,48,7),('CHG09982','com.foxnews.Stringtough','2012-02-06','In Progress','P2',65,97,31,31),('CHG09988','com.cloudflare.Toughjoyfax','2010-07-16','Closed','P3',26,26,91,1),('CHG10001','cn.360.Lotstring','2000-04-03','Open','P3',10,65,89,65),('CHG10015','org.edublogs.Duobam','2007-06-19','Closed','P2',36,72,33,44),('CHG10310','com.baidu.Sonair','2019-08-28','In Progress','P2',38,72,47,46),('CHG10443','org.altervista.Transcof','2014-12-13','Closed','P2',36,99,43,72),('CHG10546','uk.co.google.Andalax','2010-07-06','Closed','P2',32,93,34,68),('CHG10574','us.tx.state.Sub-Ex','2013-04-02','Open','P2',59,78,79,50),('CHG10764','com.cnbc.Konklab','2009-08-01','Closed','P1',51,98,20,45),('CHG10773','org.altervista.Lotlux','2001-10-26','Closed','P3',51,26,49,49),('CHG10799','com.printfriendly.Vagram','2015-02-09','In Progress','P1',58,58,10,54),('CHG10878','br.com.uol.Sonair','2014-06-12','Open','P2',20,84,88,96),('CHG10926','com.disqus.Span','2020-10-31','In Progress','P1',8,34,35,36),('CHG10932','com.cargocollective.Matsoft','2013-04-02','In Progress','P2',7,15,11,21),('CHG10967','edu.berkeley.Viva','2001-09-06','Open','P2',31,51,3,95),('CHG11126','cn.360.Wrapsafe','2016-02-17','In Progress','P2',53,60,82,11),('CHG11230','com.xinhuanet.Y-Solowarm','2022-07-11','In Progress','P2',70,80,43,61),('CHG11439','com.comsenz.Kanlam','2016-07-02','In Progress','P2',61,97,14,41),('CHG11545','cn.gov.miitbeian.Solarbreeze','2019-07-30','In Progress','P2',67,87,94,56),('CHG11583','com.csmonitor.Daltfresh','2013-06-24','Closed','P2',58,66,79,51),('CHG11683','net.slideshare.Bigtax','2000-11-07','Closed','P1',96,87,33,91),('CHG11726','com.youku.Fintone','2015-11-18','In Progress','P3',18,14,31,61),('CHG12051','com.ning.Transcof','2016-12-03','In Progress','P2',89,30,57,48),('CHG12123','edu.princeton.Sonair','2017-06-11','In Progress','P2',72,55,62,95),('CHG12214','be.youtu.Fintone','2009-02-28','In Progress','P2',36,96,16,78),('CHG12217','com.hibu.Bitchip','2000-10-02','Closed','P2',48,67,46,70),('CHG12315','edu.columbia.Tampflex','2019-08-09','In Progress','P2',61,26,87,85),('CHG12325','com.sogou.Zoolab','2001-10-18','Open','P1',40,88,17,59),('CHG12483','com.bing.Zoolab','2002-11-07','In Progress','P2',30,55,42,84),('CHG12507','com.posterous.Stringtough','2006-03-13','In Progress','P2',3,2,14,57),('CHG12516','com.sciencedaily.Regrant','2008-12-10','In Progress','P2',98,6,16,16),('CHG12521','com.ft.Latlux','2010-07-28','Closed','P2',63,17,38,83),('CHG12790','edu.tamu.Subin','2019-11-02','In Progress','P2',33,8,82,27),('CHG12963','com.nytimes.Bigtax','2011-10-27','Open','P2',93,49,41,20),('CHG13126','com.ycombinator.Tin','2011-02-28','In Progress','P2',54,78,67,83),('CHG13169','org.opensource.Treeflex','2012-03-31','In Progress','P2',24,92,65,15),('CHG13249','com.google.Otcom','2002-02-21','Closed','P2',50,84,39,75),('CHG13278','edu.harvard.Stronghold','2007-07-11','Closed','P2',15,37,26,56),('CHG13310','com.linkedin.Viva','2004-11-10','Open','P2',13,32,76,97),('CHG13323','com.ifeng.Daltfresh','2000-05-09','Closed','P2',86,76,27,69),('CHG13355','de.amazon.Y-find','2000-08-25','Closed','P2',87,91,96,17),('CHG13424','com.mlb.Andalax','2002-01-14','Open','P2',27,85,100,67),('CHG13614','jp.ne.ocn.Span','2017-12-10','Closed','P3',82,99,58,58),('CHG13966','uk.co.guardian.Asoka','2000-01-25','In Progress','P2',21,58,15,18),('CHG13996','ru.mail.Lotstring','2015-10-14','Closed','P2',45,68,25,12),('CHG14030','mil.army.Redhold','2005-05-13','In Progress','P2',33,33,41,55),('CHG14102','cn.com.china.Daltfresh','2017-05-17','Closed','P2',10,24,100,44),('CHG14257','ch.admin.Opela','2003-08-13','In Progress','P2',81,34,16,78),('CHG14320','com.devhub.Temp','2002-07-06','Open','P3',23,91,36,68),('CHG14377','gov.fda.Hatity','2008-07-27','Closed','P2',50,67,92,19),('CHG14419','com.mlb.Lotstring','2022-04-30','In Progress','P2',36,58,79,76),('CHG14432','com.aol.Overhold','2001-04-23','Closed','P2',27,35,80,56),('CHG14484','com.weibo.Voltsillam','2015-09-19','Open','P3',74,51,36,11),('CHG14524','com.fastcompany.Aerified','2022-10-18','Open','P2',90,39,48,25),('CHG14560','edu.psu.Overhold','2001-01-07','Open','P2',57,16,18,47),('CHG14764','com.slate.Zoolab','2007-01-13','In Progress','P2',83,85,56,60),('CHG14860','jp.ne.biglobe.Flowdesk','2005-03-04','In Progress','P2',25,48,82,100),('CHG14907','edu.wisc.Bytecard','2011-02-08','Open','P2',33,100,62,81),('CHG14940','it.tuttocitta.Cardguard','2003-03-03','In Progress','P2',75,92,28,97),('CHG15086','com.163.Keylex','2007-11-15','In Progress','P3',29,32,66,50),('CHG15236','com.hexun.Job','2008-08-19','Open','P2',27,48,61,97),('CHG15261','com.bravesites.Stringtough','2018-04-19','Closed','P1',34,43,14,93),('CHG15493','co.g.Veribet','2012-06-18','In Progress','P2',84,13,98,63),('CHG15643','edu.harvard.Treeflex','2002-10-08','Open','P3',4,69,72,5),('CHG15664','br.com.google.Cardify','2017-05-15','Closed','P2',76,70,62,71),('CHG15714','com.moonfruit.Duobam','2010-09-23','Closed','P2',47,8,56,74),('CHG15724','com.deliciousdays.Biodex','2004-03-12','In Progress','P2',14,36,17,87),('CHG15802','com.smugmug.Redhold','2002-11-10','In Progress','P3',21,34,42,89),('CHG15824','cn.com.sina.Opela','2019-03-29','Open','P1',17,30,67,54),('CHG15859','uk.ac.cam.Tres-Zap','2017-04-07','Open','P2',10,82,69,69),('CHG15918','gov.nasa.Asoka','2001-10-18','Closed','P2',15,100,22,39),('CHG15990','jp.ne.goo.Span','2005-11-11','In Progress','P2',39,32,8,14),('CHG16039','com.163.Zathin','2004-02-22','In Progress','P2',67,98,39,3),('CHG16241','com.mac.Y-find','2008-06-01','In Progress','P2',6,80,34,29),('CHG16552','com.diigo.Fintone','2008-08-30','In Progress','P2',67,93,84,36),('CHG16605','org.wikimedia.Y-find','2000-12-08','Open','P1',33,87,22,86),('CHG16826','edu.washington.Tin','2011-06-05','In Progress','P3',98,11,91,37),('CHG17775','com.ning.Stronghold','2003-07-29','Open','P2',40,87,61,99),('CHG17838','com.wired.Quo Lux','2022-04-22','In Progress','P2',44,9,28,77),('CHG18079','hk.com.google.Subin','2008-05-27','Open','P2',96,7,60,91),('CHG18197','cn.gov.miitbeian.Redhold','2007-11-11','In Progress','P2',26,19,77,75),('CHG18229','gov.va.Trippledex','2017-10-02','Closed','P2',56,17,61,18),('CHG18257','jp.exblog.Bitwolf','2003-07-27','Closed','P2',11,50,5,88),('CHG18279','au.gov.privacy.Biodex','2020-10-29','In Progress','P3',48,18,82,57),('CHG18349','com.over-blog.It','2018-06-06','In Progress','P1',22,45,41,2),('CHG18562','com.surveymonkey.Namfix','2019-02-17','Closed','P2',41,80,81,99),('CHG18658','gov.house.Andalax','2016-11-04','In Progress','P2',63,27,87,23),('CHG18732','com.engadget.Zathin','2010-03-24','Closed','P2',84,57,69,14),('CHG18757','com.dagondesign.Zathin','2002-07-21','Closed','P2',66,8,82,28),('CHG18920','org.gnu.Temp','2000-06-26','Closed','P1',67,82,38,64),('CHG19105','be.youtu.Zaam-Dox','2001-02-06','Open','P2',17,55,16,11),('CHG19227','com.cisco.Asoka','2000-05-31','In Progress','P2',72,54,28,50),('CHG19247','au.gov.privacy.Keylex','2010-11-04','Closed','P2',35,31,28,85),('CHG19455','com.shutterfly.Viva','2004-03-03','In Progress','P2',88,40,61,1),('CHG19513','com.bigcartel.Veribet','2019-03-01','Open','P2',37,1,96,86),('CHG19538','com.cbslocal.Job','2005-11-20','Closed','P3',78,12,71,76),('CHG19613','edu.columbia.Bamity','2018-09-14','Open','P1',14,54,16,94),('CHG19801','org.slashdot.Redhold','2013-09-11','In Progress','P3',16,59,23,99),('CHG19853','com.ifeng.Cardify','2012-03-14','Closed','P2',49,91,44,38),('CHG20013','com.fotki.Fintone','2009-05-11','In Progress','P3',9,85,61,59),('CHG20027','com.sitemeter.Pannier','2015-09-26','Closed','P2',61,79,11,52),('CHG20115','edu.mit.Zontrax','2010-03-07','In Progress','P3',24,76,72,27),('CHG20127','org.unesco.Solarbreeze','2000-08-25','In Progress','P2',42,65,9,9),('CHG20175','com.sciencedaily.Gembucket','2017-03-11','In Progress','P2',93,11,91,45),('CHG20209','com.wiley.Lotlux','2004-03-25','Closed','P2',79,4,40,22),('CHG20265','com.bandcamp.Fintone','2000-09-25','In Progress','P2',85,35,70,60),('CHG20334','com.examiner.Zamit','2000-05-24','In Progress','P2',26,82,12,92),('CHG20399','com.oracle.Fintone','2009-05-21','Closed','P2',11,90,33,100),('CHG20495','com.lulu.Wrapsafe','2020-01-28','Open','P2',8,53,63,69),('CHG20625','org.drupal.Quo Lux','2021-09-30','Closed','P3',65,85,52,34),('CHG20971','com.discovery.Andalax','2010-01-23','In Progress','P2',4,67,50,82),('CHG20983','edu.cmu.Trippledex','2020-10-16','In Progress','P1',77,48,57,95),('CHG21138','com.webnode.Opela','2001-03-15','In Progress','P2',13,69,64,8),('CHG21457','com.nytimes.Tresom','2014-04-26','Open','P2',46,46,86,15),('CHG21482','gov.usa.Transcof','2000-12-11','In Progress','P2',29,61,4,38),('CHG21501','com.wsj.Cardify','2019-02-25','Closed','P2',57,43,52,87),('CHG21510','edu.princeton.Bitwolf','2017-02-04','Open','P2',94,65,91,67),('CHG21571','gov.usgs.Stim','2022-08-10','In Progress','P2',87,67,30,85),('CHG21858','org.dyndns.Sonsing','2007-01-25','In Progress','P2',98,46,72,56),('CHG21884','com.cnn.Biodex','2021-08-19','In Progress','P1',93,60,46,39),('CHG21930','io.soup.Aerified','2006-04-03','Open','P2',63,1,43,14),('CHG22072','info.aboutads.Subin','2004-12-08','In Progress','P2',19,63,84,64),('CHG22151','com.amazonaws.Zontrax','2007-02-23','In Progress','P2',31,70,82,20),('CHG22313','org.w3.Overhold','2007-12-20','Open','P2',65,32,14,39),('CHG22494','it.google.Fix San','2006-01-13','In Progress','P1',95,73,63,17),('CHG22686','com.smugmug.Treeflex','2016-08-18','In Progress','P2',50,65,36,14),('CHG22816','com.usnews.Lotstring','2000-05-03','Open','P1',24,34,80,40),('CHG22837','com.ning.Fixflex','2000-03-12','Closed','P3',60,4,42,29),('CHG22881','org.dyndns.It','2017-04-01','In Progress','P1',97,33,97,90),('CHG23044','net.sourceforge.Biodex','2017-09-11','Closed','P2',91,46,1,13),('CHG23136','com.marketwatch.Lotstring','2000-06-17','In Progress','P3',82,80,45,12),('CHG23232','org.wikipedia.Alpha','2021-10-02','In Progress','P2',12,8,84,95),('CHG23253','com.bloglines.Flexidy','2019-02-26','In Progress','P2',15,15,81,89),('CHG23286','com.tinyurl.Stim','2015-02-07','Open','P2',60,54,50,76),('CHG23323','com.digg.Lotlux','2013-05-30','In Progress','P3',35,14,98,84),('CHG23456','de.t-online.Vagram','2004-05-06','In Progress','P2',46,50,63,19),('CHG23508','com.hubpages.Konklux','2014-11-12','Closed','P3',35,42,3,90),('CHG23623','com.ebay.Namfix','2006-01-11','Closed','P2',49,20,22,99),('CHG23643','us.imageshack.Konklab','2020-07-24','Closed','P3',86,36,12,63),('CHG23704','us.tx.state.Daltfresh','2009-12-15','Closed','P1',76,14,90,26),('CHG23780','jp.co.google.Sonsing','2021-03-04','In Progress','P2',50,78,31,24),('CHG23909','de.t-online.Mat Lam Tam','2013-07-22','Closed','P2',36,86,53,57),('CHG23960','com.eepurl.Y-find','2008-04-30','Closed','P2',59,62,84,29),('CHG23990','com.wiley.Cardify','2008-07-19','Open','P2',91,35,82,75),('CHG24045','de.amazon.Regrant','2009-04-19','In Progress','P2',57,71,88,4),('CHG24086','com.msn.It','2001-06-08','Closed','P3',1,19,85,65),('CHG24324','com.google.Duobam','2002-10-26','Open','P3',88,52,64,9),('CHG24325','com.engadget.Mat Lam Tam','2007-02-06','Closed','P2',80,94,25,37),('CHG24441','cn.google.Bigtax','2004-11-27','In Progress','P2',97,7,34,78),('CHG24445','com.nytimes.Redhold','2020-06-29','In Progress','P3',22,92,12,62),('CHG24713','de.1und1.Transcof','2005-08-15','Closed','P2',100,12,20,75),('CHG24798','ru.google.Sonair','2018-02-02','Closed','P2',63,8,52,98),('CHG24853','fr.unblog.Stronghold','2013-08-20','Open','P2',65,18,10,33),('CHG24910','com.tinyurl.Lotstring','2000-10-25','In Progress','P1',26,46,77,86),('CHG24911','com.com.Toughjoyfax','2011-11-14','Closed','P2',57,94,61,13),('CHG25032','au.gov.oaic.Cookley','2002-02-08','In Progress','P2',62,40,62,15),('CHG25076','gov.house.Subin','2021-03-07','In Progress','P2',37,56,71,3),('CHG25112','com.biblegateway.Opela','2016-04-04','Closed','P1',48,59,94,42),('CHG25248','com.prnewswire.Latlux','2022-07-10','In Progress','P3',10,14,47,49),('CHG25549','org.dmoz.Biodex','2012-04-05','In Progress','P2',64,2,16,72),('CHG25733','eu.europa.Span','2018-08-26','In Progress','P3',43,55,17,2),('CHG25834','com.youtube.Bigtax','2022-04-13','Open','P2',47,64,57,81),('CHG26134','com.blinklist.Ronstring','2004-08-04','In Progress','P1',82,18,77,95),('CHG26229','ly.ow.Stronghold','2016-09-07','In Progress','P2',29,57,83,37),('CHG26334','com.imgur.Latlux','2011-12-11','Closed','P1',55,60,46,47),('CHG26378','com.netvibes.Alpha','2016-05-19','Closed','P2',27,84,92,5),('CHG26755','com.1688.Ronstring','2017-04-03','Closed','P2',100,35,56,49),('CHG26765','com.4shared.Holdlamis','2012-03-17','Closed','P3',45,73,88,70),('CHG26853','com.nbcnews.Hatity','2016-04-19','In Progress','P2',4,96,99,83),('CHG26983','com.usatoday.Transcof','2022-01-10','Closed','P3',52,73,55,94),('CHG27031','edu.msu.Fixflex','2021-05-04','In Progress','P2',12,22,65,50),('CHG27056','com.list-manage.Zamit','2002-05-17','Closed','P2',44,96,63,12),('CHG27146','com.yellowbook.Trippledex','2008-08-31','Open','P2',95,60,16,70),('CHG27205','com.webnode.Daltfresh','2018-04-19','In Progress','P2',15,29,82,87),('CHG27312','com.adobe.Mat Lam Tam','2018-10-17','Closed','P2',97,51,18,96),('CHG27371','com.weibo.Cardify','2003-05-30','Closed','P1',17,96,11,47),('CHG27494','org.gnu.Tresom','2017-08-09','Closed','P2',15,17,66,86),('CHG27533','com.bloglovin.Treeflex','2007-12-30','In Progress','P2',18,24,77,42),('CHG27541','com.ifeng.Quo Lux','2019-04-25','In Progress','P2',2,91,100,86),('CHG27605','org.edublogs.Domainer','2010-10-30','Closed','P3',94,80,51,22),('CHG27645','edu.psu.Cookley','2017-08-18','Open','P2',86,32,72,39),('CHG27826','gov.senate.Hatity','2019-09-25','In Progress','P2',99,79,10,86),('CHG27841','com.boston.Tampflex','2010-11-16','Open','P2',49,1,38,68),('CHG27847','com.homestead.Otcom','2016-02-01','Closed','P2',69,14,66,48),('CHG27921','com.cbsnews.Toughjoyfax','2005-09-26','In Progress','P3',34,25,21,77),('CHG28196','com.sphinn.Zontrax','2000-05-12','Closed','P2',74,91,98,98),('CHG28230','net.discuz.Cardify','2000-11-28','In Progress','P2',90,70,75,49),('CHG28407','com.kickstarter.Quo Lux','2002-02-05','In Progress','P2',78,29,14,46),('CHG28538','cn.com.sina.Cookley','2005-08-27','In Progress','P3',93,17,51,92),('CHG28602','cn.com.sina.Subin','2003-04-22','Open','P2',41,9,99,79),('CHG28661','com.photobucket.Flowdesk','2018-03-12','In Progress','P2',33,46,46,97),('CHG28673','com.nature.Lotlux','2000-12-23','Open','P2',8,42,46,40),('CHG28796','com.huffingtonpost.Veribet','2020-04-17','In Progress','P2',98,66,70,79),('CHG28798','com.opera.Gembucket','2014-02-18','Closed','P3',51,39,100,33),('CHG29059','com.yellowbook.Quo Lux','2001-06-15','In Progress','P2',91,10,72,77),('CHG29188','com.csmonitor.Bytecard','2014-04-07','Closed','P2',61,45,13,78),('CHG29196','com.yelp.Gembucket','2001-05-07','Closed','P2',66,87,52,42),('CHG29570','jp.i2i.Regrant','2017-01-07','Closed','P2',90,85,96,80),('CHG29589','us.imageshack.Fix San','2021-08-31','Closed','P2',83,34,70,2),('CHG29694','la.51.Ventosanzap','2009-05-10','Closed','P2',10,91,51,55),('CHG29830','uk.co.thetimes.Lotlux','2008-04-13','Closed','P2',93,95,77,89),('CHG29991','com.merriam-webster.Span','2021-03-02','Closed','P3',89,6,14,27),('CHG30118','com.blinklist.Zamit','2014-03-19','Open','P3',32,62,63,56),('CHG30175','gov.nps.Asoka','2020-09-06','In Progress','P3',12,62,36,93),('CHG30257','com.tripod.Greenlam','2001-01-28','In Progress','P3',99,66,55,89),('CHG30291','com.tripod.Cardguard','2002-12-04','In Progress','P2',49,76,3,3),('CHG30328','jp.exblog.Aerified','2018-12-14','Open','P3',33,91,91,27),('CHG30430','edu.columbia.Greenlam','2010-07-01','Closed','P2',22,33,21,21),('CHG30872','me.about.Fix San','2020-01-18','In Progress','P1',67,61,69,27),('CHG30886','au.gov.privacy.Otcom','2003-03-29','In Progress','P2',54,71,8,55),('CHG30906','com.reference.Gembucket','2010-07-18','Open','P3',3,14,79,69),('CHG31280','com.seattletimes.Voyatouch','2003-06-30','In Progress','P2',39,95,80,81),('CHG31321','uk.gov.Bamity','2002-05-24','In Progress','P2',93,57,56,77),('CHG31335','ru.odnoklassniki.Redhold','2022-09-23','In Progress','P2',8,10,73,73),('CHG31402','org.w3.Cardify','2013-11-16','Open','P2',95,50,28,99),('CHG31420','au.gov.privacy.Quo Lux','2019-01-24','Closed','P1',5,60,65,31),('CHG31488','com.meetup.Gembucket','2004-08-08','Closed','P2',13,77,44,99),('CHG31491','com.skype.Lotlux','2017-05-26','In Progress','P3',67,64,62,93),('CHG31569','com.washingtonpost.Tres-Zap','2022-03-26','Closed','P1',11,57,26,46),('CHG31570','com.instagram.Transcof','2004-01-14','Open','P2',64,17,52,67),('CHG31723','com.newyorker.Andalax','2000-07-21','In Progress','P3',55,68,45,22),('CHG31749','com.weebly.Daltfresh','2022-10-25','Closed','P2',3,82,78,55),('CHG31821','com.mozilla.Tin','2021-10-24','In Progress','P2',57,28,55,88),('CHG31879','com.paypal.Bamity','2018-04-18','In Progress','P3',77,78,2,29),('CHG32103','com.cafepress.Sonair','2001-04-16','Closed','P1',62,86,72,83),('CHG32108','gov.noaa.Keylex','2002-12-24','Closed','P3',37,14,71,11),('CHG32111','cn.com.sina.Gembucket','2009-06-11','Open','P2',88,100,80,97),('CHG32145','com.nba.Prodder','2001-11-21','Closed','P2',97,9,76,77),('CHG32205','com.sphinn.Veribet','2020-07-15','Closed','P3',28,67,53,65),('CHG32321','com.chron.Flowdesk','2013-04-07','In Progress','P2',79,79,18,4),('CHG32525','de.t-online.Alpha','2013-10-13','Closed','P1',67,58,25,51),('CHG32533','edu.upenn.Toughjoyfax','2011-06-29','In Progress','P2',25,43,56,46),('CHG32584','com.webs.Tin','2015-01-24','In Progress','P2',96,74,90,32),('CHG32613','com.cbslocal.Bitchip','2003-07-18','In Progress','P2',77,16,41,58),('CHG32616','com.meetup.Biodex','2020-06-23','In Progress','P2',80,78,3,10),('CHG32623','jp.ne.so-net.Sub-Ex','2004-09-29','In Progress','P1',28,83,93,58),('CHG32770','com.netlog.Cookley','2010-05-15','In Progress','P2',52,44,51,87),('CHG32783','com.ebay.Viva','2014-03-13','Closed','P2',69,61,22,93),('CHG32829','com.homestead.Fix San','2002-02-01','In Progress','P1',72,95,86,85),('CHG33067','com.indiatimes.Keylex','2008-02-29','Open','P2',57,51,73,59),('CHG33401','com.jimdo.Flowdesk','2022-09-01','In Progress','P1',78,67,55,17),('CHG33440','au.net.abc.Greenlam','2008-07-31','Closed','P3',33,72,69,49),('CHG33607','com.ifeng.Toughjoyfax','2007-08-09','In Progress','P2',59,37,64,2),('CHG33663','com.engadget.Konklux','2009-09-03','Closed','P2',78,62,71,61),('CHG33714','com.cocolog-nifty.Opela','2009-05-18','Closed','P1',35,21,41,39),('CHG33814','com.xing.Fintone','2014-02-28','Closed','P1',66,91,76,46),('CHG33954','gov.ftc.Holdlamis','2010-04-15','In Progress','P2',17,89,8,35),('CHG34214','com.wix.Sonsing','2010-03-15','In Progress','P2',96,63,40,52),('CHG34394','com.diigo.Stim','2007-06-26','Closed','P2',38,87,77,56),('CHG34452','gov.hhs.Rank','2011-09-02','Closed','P2',90,52,98,53),('CHG34754','org.unicef.Alphazap','2016-06-22','Closed','P1',28,88,90,49),('CHG34843','com.smugmug.Alphazap','2004-08-15','Closed','P1',39,72,30,41),('CHG34869','org.drupal.Home Ing','2007-04-08','Closed','P2',10,90,18,62),('CHG34962','com.bing.Job','2000-09-24','In Progress','P2',43,77,39,12),('CHG35030','com.mediafire.Trippledex','2022-07-03','Closed','P2',30,70,22,23),('CHG35175','com.blogger.Sonsing','2013-08-28','Open','P2',15,83,72,62),('CHG35211','com.go.Kanlam','2008-05-06','Open','P3',50,83,8,96),('CHG35225','edu.illinois.Flowdesk','2010-07-23','Open','P1',91,33,29,62),('CHG35233','com.weather.Transcof','2009-07-22','Open','P2',5,92,29,22),('CHG35291','com.live.Aerified','2000-08-05','In Progress','P3',1,17,84,11),('CHG35338','au.gov.nsw.Keylex','2012-10-16','In Progress','P2',9,2,53,68),('CHG35370','us.tx.state.Latlux','2002-03-06','Open','P2',64,61,50,46),('CHG35611','com.skyrock.Konklux','2004-07-13','Closed','P2',35,10,36,86),('CHG35792','com.engadget.Greenlam','2009-09-01','Closed','P1',22,51,99,47),('CHG35827','com.cnn.Zontrax','2000-01-04','In Progress','P2',32,33,20,87),('CHG35846','jp.ne.hatena.Bamity','2019-11-25','Closed','P2',68,18,13,100),('CHG35883','com.bloomberg.Opela','2015-12-11','Open','P2',28,100,73,28),('CHG35986','com.imgur.Lotlux','2011-01-30','Closed','P2',21,81,92,99),('CHG36199','de.1und1.Gembucket','2007-07-08','In Progress','P1',44,11,65,46),('CHG36255','ru.vkontakte.Wrapsafe','2021-01-07','In Progress','P2',33,63,3,24),('CHG36313','gov.state.Ventosanzap','2016-11-24','Open','P2',2,57,53,55),('CHG36570','com.statcounter.Prodder','2013-04-02','In Progress','P1',47,78,34,87),('CHG36577','me.about.Fintone','2008-06-10','In Progress','P2',55,23,93,65),('CHG36611','gov.ed.Andalax','2002-05-09','Closed','P2',89,87,17,10),('CHG36635','edu.unc.Zamit','2021-11-18','Closed','P3',8,62,4,83),('CHG36776','com.boston.Biodex','2005-05-04','Closed','P2',36,82,96,18),('CHG36928','com.economist.Y-find','2002-09-09','Closed','P1',90,7,99,91),('CHG36966','edu.berkeley.Voyatouch','2020-10-04','In Progress','P2',90,65,67,8),('CHG37099','com.hao123.Bitwolf','2017-01-31','Open','P1',30,69,34,4),('CHG37162','uk.co.amazon.Ronstring','2008-09-05','Closed','P2',85,5,57,68),('CHG37228','com.cdbaby.Hatity','2003-05-18','Closed','P2',62,84,31,43),('CHG37268','gov.nih.Sonsing','2010-06-30','Open','P2',44,8,32,14),('CHG37346','me.about.Bitchip','2005-08-02','In Progress','P3',41,6,35,77),('CHG37355','com.chicagotribune.Tempsoft','2006-04-19','Open','P2',42,22,83,41),('CHG37393','com.hao123.Alphazap','2011-07-11','Open','P2',11,45,47,22),('CHG37409','com.webnode.Zoolab','2014-04-28','Closed','P1',12,22,91,57),('CHG37455','com.bluehost.Zathin','2018-10-07','In Progress','P1',60,95,55,10),('CHG37532','com.example.Fintone','2002-09-13','In Progress','P2',68,58,91,20),('CHG37555','gov.state.Tres-Zap','2006-10-27','Closed','P1',8,82,62,22),('CHG37592','com.myspace.Prodder','2008-10-29','Closed','P1',76,1,23,99),('CHG37641','com.studiopress.Quo Lux','2007-03-12','Closed','P2',73,77,73,71),('CHG37843','com.disqus.Matsoft','2001-07-27','Closed','P3',28,64,16,71),('CHG37937','gov.nih.Stronghold','2011-04-28','In Progress','P3',9,34,47,77),('CHG38236','com.example.Ventosanzap','2022-04-10','In Progress','P2',16,82,64,5),('CHG38249','uk.co.bbc.Zaam-Dox','2003-12-03','Open','P3',62,97,71,43),('CHG38252','com.samsung.Zaam-Dox','2018-06-19','In Progress','P3',37,62,21,3),('CHG38427','edu.cmu.Zamit','2018-01-01','Closed','P2',38,80,69,65),('CHG38464','com.nbcnews.Lotstring','2005-03-28','In Progress','P3',1,96,67,28),('CHG38470','br.com.google.Biodex','2004-11-25','Closed','P2',85,83,77,15),('CHG38556','com.paypal.Cardguard','2017-07-27','Closed','P3',98,5,95,20),('CHG38859','com.sciencedaily.Cookley','2007-12-08','Open','P3',95,85,89,83),('CHG39097','com.aol.Tres-Zap','2012-02-18','Open','P2',53,26,43,80),('CHG39248','io.pen.Andalax','2012-06-26','In Progress','P1',27,60,20,32),('CHG39266','gov.fema.Duobam','2019-07-29','In Progress','P2',18,35,1,52),('CHG39387','org.craigslist.Zontrax','2014-04-17','In Progress','P3',2,51,42,14),('CHG39515','com.hubpages.Otcom','2018-12-19','In Progress','P2',81,6,40,86),('CHG39576','com.cdbaby.Wrapsafe','2006-10-13','Open','P1',92,24,78,7),('CHG39678','com.accuweather.Tres-Zap','2008-02-23','In Progress','P2',79,87,24,81),('CHG39833','net.comcast.Lotstring','2020-06-30','Closed','P2',92,61,87,60),('CHG39834','de.spiegel.Flexidy','2012-09-16','Closed','P2',13,38,30,39),('CHG39998','jp.jugem.Y-find','2015-08-20','In Progress','P3',7,53,56,97),('CHG40095','com.wikispaces.Andalax','2006-08-30','In Progress','P1',1,80,4,26),('CHG40368','us.imageshack.Stringtough','2005-10-12','Closed','P2',97,20,49,7),('CHG40371','org.dmoz.It','2005-07-03','In Progress','P2',30,25,66,64),('CHG40495','com.nbcnews.Gembucket','2006-03-27','Closed','P2',84,20,99,16),('CHG40566','com.istockphoto.Wrapsafe','2010-03-29','In Progress','P2',75,52,48,29),('CHG40712','com.tripadvisor.Stronghold','2005-12-29','Closed','P3',65,27,84,15),('CHG40730','com.skype.Ronstring','2001-12-08','In Progress','P3',48,90,16,44),('CHG40823','org.npr.Fixflex','2007-04-16','In Progress','P1',21,13,75,80),('CHG40874','com.netscape.Zathin','2018-12-29','Closed','P3',31,76,43,31),('CHG41119','com.dell.Trippledex','2004-07-19','In Progress','P2',6,23,29,97),('CHG41160','vu.de.Voltsillam','2022-02-20','Closed','P1',40,52,59,36),('CHG41337','com.techcrunch.Solarbreeze','2010-10-26','In Progress','P1',56,37,38,49),('CHG41371','org.pbs.Hatity','2007-07-27','Closed','P2',77,74,16,29),('CHG41387','it.paginegialle.Zaam-Dox','2014-07-23','Closed','P2',83,64,38,64),('CHG41437','com.howstuffworks.Biodex','2003-11-30','Closed','P1',18,38,1,38),('CHG41462','ru.liveinternet.Temp','2005-04-29','Open','P2',86,44,60,44),('CHG41602','com.acquirethisname.Redhold','2010-06-16','Closed','P1',16,88,69,85),('CHG41650','com.about.Pannier','2020-11-14','In Progress','P2',17,36,55,25),('CHG41745','com.economist.Aerified','2007-10-02','Open','P2',12,59,7,62),('CHG41784','de.spiegel.Aerified','2011-05-15','In Progress','P2',6,59,85,79),('CHG41789','com.ted.Wrapsafe','2002-01-09','In Progress','P1',31,9,22,93),('CHG41832','edu.mit.Tres-Zap','2003-12-29','In Progress','P2',88,14,40,90),('CHG41853','org.redcross.Bitwolf','2021-11-09','In Progress','P2',39,1,49,86),('CHG41857','com.squidoo.Lotstring','2002-11-17','In Progress','P2',26,37,77,51),('CHG41862','net.comcast.Zaam-Dox','2014-09-11','In Progress','P3',20,100,93,62),('CHG41916','net.comcast.Fixflex','2015-01-31','In Progress','P3',82,74,29,23),('CHG42176','com.ucoz.Voltsillam','2020-08-23','Open','P2',53,75,47,42),('CHG42203','jp.ameblo.Job','2005-01-15','In Progress','P2',9,4,79,47),('CHG42204','nl.google.Transcof','2022-03-17','Open','P2',47,20,66,61),('CHG42255','com.wufoo.Pannier','2011-08-05','Closed','P3',54,27,11,72),('CHG42437','com.blogs.Tempsoft','2003-11-04','In Progress','P2',80,39,70,32),('CHG42518','info.aboutads.Span','2021-10-24','In Progress','P2',81,18,98,94),('CHG42638','com.deviantart.Zaam-Dox','2003-09-01','In Progress','P3',20,96,63,3),('CHG42906','br.com.uol.Aerified','2012-10-10','In Progress','P2',79,43,65,77),('CHG42915','com.chicagotribune.Tampflex','2010-12-23','In Progress','P2',63,97,10,56),('CHG42954','com.java.Asoka','2003-04-21','In Progress','P2',82,51,71,63),('CHG42972','ru.narod.Alphazap','2007-09-29','Open','P3',27,65,47,84),('CHG43040','com.blogtalkradio.Home Ing','2003-10-04','Closed','P2',61,94,24,27),('CHG43075','com.nifty.Sonair','2014-09-25','In Progress','P2',25,43,89,34),('CHG43114','com.slate.Prodder','2015-07-07','Closed','P2',40,16,49,93),('CHG43186','com.digg.Fintone','2010-03-19','Closed','P3',36,98,25,71),('CHG43280','com.etsy.Redhold','2010-09-14','Open','P3',94,7,69,8),('CHG43361','com.qq.Bitwolf','2005-06-24','In Progress','P3',79,68,61,11),('CHG43365','com.gizmodo.Lotlux','2013-02-13','Closed','P2',68,74,81,16),('CHG43398','com.arstechnica.Redhold','2021-12-10','In Progress','P3',91,79,31,68),('CHG43465','com.cargocollective.Subin','2008-03-25','In Progress','P2',60,98,64,100),('CHG43732','com.theglobeandmail.Namfix','2015-11-08','Closed','P2',76,61,73,41),('CHG43734','ru.rambler.Bytecard','2018-05-24','Closed','P3',75,8,1,100),('CHG44151','edu.umn.Tempsoft','2021-12-16','Closed','P1',98,86,49,24),('CHG44179','ru.narod.Flowdesk','2018-09-10','In Progress','P3',39,6,84,42),('CHG44470','com.ask.Asoka','2022-09-17','Closed','P3',96,58,17,42),('CHG44625','com.domainmarket.Tempsoft','2009-01-03','Open','P2',67,2,2,93),('CHG44747','com.angelfire.Holdlamis','2022-04-04','In Progress','P2',23,94,23,51),('CHG44758','ru.odnoklassniki.Flexidy','2007-10-06','In Progress','P1',21,10,74,55),('CHG44784','ru.narod.Asoka','2022-02-06','In Progress','P2',25,86,13,45),('CHG44810','co.t.Voyatouch','2011-04-09','Closed','P2',26,16,12,53),('CHG44819','com.list-manage.Job','2021-02-20','In Progress','P2',28,26,99,8),('CHG45016','au.com.google.Prodder','2012-02-10','In Progress','P2',92,94,77,79),('CHG45330','com.sbwire.Sonair','2020-09-28','In Progress','P2',12,4,28,47),('CHG45868','com.goodreads.Vagram','2002-10-09','In Progress','P2',10,43,88,59),('CHG45890','com.wp.Cardify','2011-01-06','Open','P2',90,91,97,9),('CHG45964','de.t-online.Stringtough','2000-01-09','In Progress','P2',21,19,62,84),('CHG46056','net.ovh.Pannier','2019-03-01','Open','P2',28,32,19,44),('CHG46207','de.spiegel.Stronghold','2011-01-06','In Progress','P2',60,53,16,57),('CHG46245','com.comsenz.Zathin','2016-03-29','Open','P1',29,10,30,68),('CHG46287','com.disqus.Bigtax','2010-12-21','Closed','P2',58,59,37,95),('CHG46352','com.intel.Biodex','2014-04-14','In Progress','P1',42,43,78,87),('CHG46382','gov.ca.Konklux','2008-08-25','Closed','P2',23,8,46,87),('CHG46424','edu.harvard.Prodder','2002-04-18','Open','P2',91,49,21,47),('CHG46611','edu.msu.Trippledex','2012-09-30','Closed','P3',68,79,71,21),('CHG46679','jp.co.yahoo.Tres-Zap','2008-05-12','In Progress','P2',63,14,20,37),('CHG46755','com.comsenz.Y-find','2009-12-01','In Progress','P1',9,52,4,34),('CHG46775','com.list-manage.Aerified','2021-06-19','In Progress','P2',26,16,16,90),('CHG46841','com.technorati.Span','2003-05-08','Closed','P3',53,98,67,30),('CHG46871','jp.ne.so-net.Span','2008-07-05','Closed','P2',37,67,68,58),('CHG46926','com.list-manage.Konklab','2004-02-07','Closed','P2',64,3,23,49),('CHG47065','gov.usa.Transcof','2018-05-27','In Progress','P2',19,11,67,49),('CHG47116','com.wix.Daltfresh','2014-10-15','Open','P2',3,72,33,28),('CHG47142','com.discovery.Y-Solowarm','2009-09-21','Closed','P3',23,26,29,95),('CHG47208','gov.nasa.Stim','2021-10-19','In Progress','P2',42,94,13,6),('CHG47240','com.ning.Latlux','2002-12-15','Closed','P2',25,100,47,10),('CHG47311','de.google.Mat Lam Tam','2000-10-27','Closed','P2',56,28,42,42),('CHG47426','com.weibo.Ventosanzap','2003-07-23','Open','P1',87,52,10,45),('CHG47541','com.feedburner.Stim','2010-08-15','Open','P2',62,65,32,3),('CHG47705','com.indiegogo.Redhold','2015-07-31','Open','P2',86,45,89,11),('CHG47807','ru.odnoklassniki.Fix San','2006-01-08','In Progress','P2',12,34,80,16),('CHG48091','com.huffingtonpost.Tres-Zap','2004-10-25','In Progress','P2',55,73,82,26),('CHG48289','gov.house.Overhold','2012-06-26','In Progress','P3',24,98,12,96),('CHG48334','com.chronoengine.Otcom','2020-03-03','Closed','P2',9,70,11,17),('CHG48348','com.parallels.Sonsing','2004-09-15','Closed','P2',81,57,83,61),('CHG48378','com.soundcloud.Sonair','2012-06-15','In Progress','P2',26,28,33,4),('CHG48380','de.spiegel.Flexidy','2017-05-07','In Progress','P1',56,92,1,17),('CHG48483','cz.phoca.Aerified','2008-05-28','Open','P2',11,94,12,31),('CHG48508','com.mtv.Otcom','2013-04-19','Closed','P2',48,98,80,1),('CHG48597','com.dell.Mat Lam Tam','2011-08-15','Closed','P1',40,79,11,52),('CHG48727','com.istockphoto.It','2007-04-20','In Progress','P2',54,94,10,43),('CHG48946','com.nymag.Duobam','2007-06-13','In Progress','P1',75,18,24,81),('CHG49213','com.hubpages.Sub-Ex','2005-10-05','In Progress','P2',96,54,45,54),('CHG49379','gov.usda.Temp','2016-02-19','Closed','P1',46,42,47,49),('CHG49639','com.naver.Daltfresh','2008-01-11','Closed','P3',98,77,91,77),('CHG49767','com.4shared.Opela','2005-12-28','Closed','P2',71,7,39,61),('CHG49857','jp.ne.dion.Zaam-Dox','2005-05-13','In Progress','P2',20,65,86,95),('CHG49867','com.blog.Voltsillam','2017-03-25','In Progress','P2',89,70,63,42),('CHG50017','com.ibm.Zathin','2017-09-15','Closed','P2',93,56,81,50),('CHG50148','com.go.Span','2021-10-17','Closed','P3',56,98,79,6),('CHG50175','com.flickr.Voltsillam','2019-04-10','Closed','P2',84,35,14,61),('CHG50301','com.icq.Stringtough','2018-11-04','In Progress','P3',38,15,92,93),('CHG50324','com.qq.Prodder','2006-04-04','In Progress','P1',97,68,26,6),('CHG50394','pl.home.Vagram','2018-11-01','In Progress','P2',49,92,98,86),('CHG50539','uk.ac.ox.Matsoft','2017-08-03','In Progress','P3',20,16,1,75),('CHG50853','it.paginegialle.Matsoft','2004-11-12','In Progress','P2',42,85,72,40),('CHG50892','com.fotki.Zamit','2012-01-18','In Progress','P2',8,39,53,57),('CHG51071','com.weibo.Konklux','2002-01-02','In Progress','P2',85,63,20,23),('CHG51278','com.bluehost.Hatity','2004-04-21','Closed','P2',15,87,29,80),('CHG51290','com.ucoz.Quo Lux','2014-02-08','Open','P2',15,79,31,26),('CHG51360','edu.upenn.Kanlam','2006-08-22','Open','P1',97,100,76,75),('CHG51393','es.google.Bamity','2010-12-27','In Progress','P2',74,30,74,59),('CHG51407','com.reverbnation.Veribet','2018-04-19','In Progress','P3',6,69,34,57),('CHG51421','au.com.google.Wrapsafe','2003-10-26','In Progress','P2',95,63,22,48),('CHG51474','com.chicagotribune.Treeflex','2005-10-11','In Progress','P2',68,91,81,58),('CHG51477','com.fc2.Y-Solowarm','2013-10-02','Closed','P2',42,82,5,16),('CHG51484','cz.toplist.Temp','2011-12-21','Closed','P2',65,58,81,8),('CHG51569','com.acquirethisname.Zathin','2000-10-10','Closed','P2',61,84,99,95),('CHG51645','com.quantcast.Kanlam','2000-06-18','In Progress','P2',52,65,42,91),('CHG51867','com.hexun.Tempsoft','2012-02-16','In Progress','P2',20,66,27,72),('CHG51980','jp.shop-pro.Konklux','2016-02-08','In Progress','P2',71,8,1,41),('CHG52128','com.photobucket.It','2003-03-07','Closed','P2',16,18,35,90),('CHG52234','com.dailymotion.Home Ing','2009-10-19','In Progress','P2',88,11,61,84),('CHG52255','com.theglobeandmail.Voyatouch','2014-08-24','In Progress','P2',93,9,53,79),('CHG52267','com.friendfeed.Bitwolf','2003-01-11','Open','P3',53,50,4,19),('CHG52326','com.blinklist.Flowdesk','2010-12-12','In Progress','P2',65,17,84,91),('CHG52379','gov.census.Job','2008-05-28','Closed','P2',13,55,59,26),('CHG52711','com.cloudflare.Konklux','2013-11-15','Open','P2',59,52,19,33),('CHG52854','com.lulu.Alpha','2000-07-20','In Progress','P2',80,3,99,45),('CHG52950','com.cbslocal.Keylex','2013-06-07','Open','P2',80,30,89,62),('CHG53026','org.simplemachines.Duobam','2007-08-14','Open','P2',92,12,76,62),('CHG53033','com.marriott.Fix San','2006-09-02','Closed','P2',45,34,85,62),('CHG53041','com.hao123.Voltsillam','2005-11-02','In Progress','P2',95,53,82,31),('CHG53325','com.ycombinator.Tresom','2017-02-23','In Progress','P2',10,54,10,58),('CHG53333','net.sourceforge.It','2012-05-12','Closed','P2',63,32,100,29),('CHG53474','com.wiley.Trippledex','2018-07-24','Closed','P2',12,51,19,52),('CHG53794','org.bbb.Stim','2016-12-15','In Progress','P2',89,1,33,45),('CHG53993','org.joomla.Fix San','2020-03-10','Closed','P2',28,62,68,83),('CHG54125','com.alexa.Voltsillam','2007-12-27','Closed','P1',93,22,25,71),('CHG54146','net.comcast.Tempsoft','2001-10-20','In Progress','P2',23,78,61,12),('CHG54157','com.shareasale.Zamit','2012-02-08','In Progress','P1',100,31,79,39),('CHG54226','ly.ow.Redhold','2005-04-27','In Progress','P2',61,67,6,61),('CHG54279','com.blinklist.Holdlamis','2004-10-25','In Progress','P2',34,53,57,49),('CHG54501','com.hostgator.Bitwolf','2002-08-27','In Progress','P2',47,98,37,80),('CHG54670','com.cbsnews.Keylex','2019-06-06','Closed','P2',53,60,94,70),('CHG54772','com.chicagotribune.Greenlam','2017-08-06','In Progress','P2',4,66,82,29),('CHG55025','com.statcounter.Sub-Ex','2007-06-19','Closed','P2',28,4,89,21),('CHG55205','com.pcworld.Duobam','2005-06-12','In Progress','P2',8,65,98,60),('CHG55482','gov.hhs.Pannier','2001-08-28','Open','P2',21,97,80,87),('CHG55499','com.addthis.It','2016-11-27','In Progress','P2',25,62,63,26),('CHG55785','org.dyndns.Tin','2013-10-23','In Progress','P3',56,42,45,96),('CHG55789','com.dagondesign.Gembucket','2015-12-31','In Progress','P3',24,54,99,66),('CHG55824','edu.ucla.Stim','2006-11-09','In Progress','P2',79,85,13,81),('CHG55954','com.patch.Treeflex','2021-01-02','Open','P2',37,14,6,44),('CHG56029','com.blogs.Bytecard','2016-03-07','Closed','P2',65,31,7,73),('CHG56100','ru.vkontakte.Lotlux','2019-01-08','Closed','P2',10,64,29,71),('CHG56108','com.patch.Namfix','2006-08-02','In Progress','P3',62,22,35,61),('CHG56184','gov.epa.Tempsoft','2012-01-04','Open','P2',19,54,26,86),('CHG56236','au.net.abc.Tresom','2013-03-10','Closed','P3',91,12,26,91),('CHG56372','gov.dot.Overhold','2021-02-11','In Progress','P3',25,50,33,44),('CHG56396','com.ebay.Sonsing','2018-01-16','In Progress','P2',39,46,69,57),('CHG56460','net.comcast.Y-Solowarm','2014-02-25','Closed','P2',93,15,71,56),('CHG56515','com.mtv.Cardify','2005-10-31','Closed','P2',41,8,34,30),('CHG56629','cn.360.Span','2018-05-04','In Progress','P2',15,50,57,13),('CHG56658','com.example.Prodder','2009-06-08','In Progress','P1',56,43,31,90),('CHG56715','edu.si.Veribet','2016-07-07','In Progress','P3',23,41,99,54),('CHG56896','com.diigo.Y-find','2010-10-03','Open','P3',4,51,33,92),('CHG57091','gov.nasa.Transcof','2013-12-27','In Progress','P3',11,58,94,56),('CHG57160','com.nba.Biodex','2022-01-08','Open','P2',78,1,85,72),('CHG57192','edu.unc.Wrapsafe','2017-09-16','In Progress','P2',11,47,81,36),('CHG57360','eu.europa.Alphazap','2013-04-11','Open','P2',21,98,92,20),('CHG57368','cn.google.Quo Lux','2002-11-20','In Progress','P2',38,55,61,57),('CHG57524','uk.ac.cam.Alphazap','2022-02-15','In Progress','P2',77,65,86,96),('CHG57530','edu.mit.Keylex','2019-08-31','In Progress','P2',51,84,84,59),('CHG57597','com.indiegogo.Bitchip','2005-02-22','Closed','P3',67,43,73,19),('CHG57788','com.lulu.Mat Lam Tam','2017-10-19','In Progress','P2',58,28,89,82),('CHG58057','com.sohu.Span','2021-02-23','Closed','P2',16,96,45,38),('CHG58159','gov.fda.Sonair','2005-08-16','Closed','P2',61,85,42,44),('CHG58383','gov.cdc.Subin','2005-05-06','Open','P2',23,71,86,59),('CHG58541','jp.ne.ocn.Zontrax','2017-09-28','Closed','P1',88,45,54,93),('CHG58611','edu.umich.Zathin','2004-05-16','Open','P2',91,21,43,20),('CHG58753','edu.uiuc.Flowdesk','2020-05-16','Closed','P2',36,26,39,48),('CHG58883','uk.co.guardian.Voyatouch','2010-08-14','In Progress','P1',10,65,47,75),('CHG58908','com.flickr.Cardify','2001-01-13','Closed','P1',78,45,33,62),('CHG59157','com.dropbox.Zathin','2014-09-28','In Progress','P2',7,40,10,59),('CHG59295','com.dedecms.Tampflex','2018-07-27','Closed','P2',38,64,65,55),('CHG59299','com.forbes.Bitwolf','2018-09-14','Closed','P2',36,13,11,90),('CHG59354','net.a8.Alphazap','2012-08-06','Open','P1',47,51,73,43),('CHG59391','net.earthlink.Daltfresh','2015-01-18','Closed','P2',66,1,2,47),('CHG59462','org.bbb.Mat Lam Tam','2001-06-27','Closed','P2',92,91,10,7),('CHG59517','com.theatlantic.Trippledex','2015-07-06','Closed','P2',31,55,43,6),('CHG59585','org.wikimedia.Latlux','2022-02-15','Closed','P2',36,21,69,30),('CHG59772','com.mashable.Sonsing','2019-08-05','Closed','P3',7,97,46,36),('CHG60091','com.samsung.Viva','2007-05-13','Closed','P2',95,53,98,73),('CHG60103','co.g.Cardguard','2013-04-20','Closed','P2',6,78,71,98),('CHG60256','com.posterous.Latlux','2017-09-07','In Progress','P2',19,83,26,77),('CHG60479','com.newyorker.Prodder','2018-07-13','In Progress','P3',100,56,89,8),('CHG60641','com.taobao.Greenlam','2001-02-17','Closed','P2',97,25,7,7),('CHG60715','edu.uiuc.Stronghold','2013-10-15','Open','P2',35,59,34,54),('CHG60744','com.accuweather.Keylex','2014-06-06','Closed','P2',94,74,17,55),('CHG60890','com.livejournal.Lotlux','2006-09-21','Closed','P2',81,43,26,18),('CHG61149','ru.vkontakte.Konklux','2020-11-06','In Progress','P3',29,97,26,42),('CHG61168','com.live.Stronghold','2012-02-09','Closed','P2',13,48,67,34),('CHG61259','com.globo.Lotstring','2012-05-08','Closed','P1',4,34,64,75),('CHG61319','cn.desdev.Vagram','2008-07-25','Closed','P2',32,80,28,27),('CHG61523','cz.mapy.Prodder','2009-06-15','In Progress','P2',28,45,1,34),('CHG61769','jp.ne.goo.Sub-Ex','2022-03-08','Closed','P3',72,45,75,33),('CHG61772','gov.loc.Lotlux','2015-09-18','In Progress','P2',58,71,76,76),('CHG61803','cn.com.china.Andalax','2004-04-04','Open','P2',97,19,94,4),('CHG61858','au.com.google.Fixflex','2020-02-28','In Progress','P1',56,93,22,86),('CHG61940','org.dyndns.Fixflex','2014-10-24','In Progress','P2',34,89,15,69),('CHG61960','com.studiopress.Domainer','2000-01-12','In Progress','P2',71,40,17,70),('CHG61989','com.engadget.Fix San','2018-10-18','In Progress','P2',2,44,50,67),('CHG62033','com.bloglovin.Wrapsafe','2007-07-16','Closed','P3',24,3,25,69),('CHG62089','com.samsung.Cardguard','2006-05-31','Open','P2',18,46,82,80),('CHG62206','com.wiley.Domainer','2009-10-17','In Progress','P1',84,40,13,41),('CHG62335','uk.co.telegraph.Cardguard','2006-06-09','Closed','P2',12,41,100,44),('CHG62542','com.oakley.Temp','2011-05-04','Closed','P2',2,82,98,1),('CHG62614','org.dyndns.Home Ing','2014-11-20','In Progress','P2',4,74,18,85),('CHG62787','com.csmonitor.It','2006-09-27','In Progress','P1',86,30,36,5),('CHG62921','com.accuweather.Otcom','2010-11-04','Closed','P2',91,94,31,9),('CHG63493','com.hibu.Overhold','2014-12-18','Closed','P2',16,1,36,56),('CHG63875','com.sbwire.Flexidy','2014-05-16','Open','P2',2,5,39,6),('CHG63877','de.spiegel.Zontrax','2011-03-31','Closed','P3',21,14,53,14),('CHG64003','it.paginegialle.Span','2009-03-05','In Progress','P1',62,60,77,2),('CHG64039','edu.columbia.Fix San','2013-03-09','In Progress','P2',45,47,82,70),('CHG64198','com.addtoany.Sub-Ex','2002-12-31','In Progress','P2',27,32,68,19),('CHG64212','us.icio.Flexidy','2016-08-17','In Progress','P2',26,29,76,23),('CHG64238','com.washingtonpost.Fixflex','2003-03-14','Open','P2',73,33,1,8),('CHG64278','ca.cbc.Viva','2007-12-22','In Progress','P2',35,89,82,19),('CHG64415','gov.noaa.Otcom','2006-05-09','In Progress','P2',14,91,2,69),('CHG64434','net.clickbank.Tampflex','2003-05-15','In Progress','P2',31,32,61,33),('CHG64439','com.cocolog-nifty.Sonair','2009-02-18','In Progress','P2',34,8,75,59),('CHG64692','com.scribd.Stringtough','2006-10-28','In Progress','P2',80,52,85,25),('CHG64707','com.salon.Wrapsafe','2020-06-18','Open','P2',30,81,4,82),('CHG64754','com.quantcast.Transcof','2015-03-24','In Progress','P3',49,59,55,64),('CHG65071','com.theguardian.Home Ing','2003-05-18','In Progress','P2',30,16,86,57),('CHG65087','com.java.Biodex','2002-12-27','In Progress','P2',96,62,33,7),('CHG65164','com.diigo.Home Ing','2013-04-24','In Progress','P2',50,75,35,90),('CHG65401','uk.co.independent.Overhold','2020-06-04','In Progress','P2',100,43,18,43),('CHG65638','com.zimbio.Prodder','2022-01-06','In Progress','P2',67,89,50,91),('CHG65753','gov.usgs.Pannier','2011-11-04','In Progress','P2',75,71,76,26),('CHG65763','com.artisteer.Rank','2006-01-23','Open','P3',94,62,88,26),('CHG65839','au.org.auda.Toughjoyfax','2001-02-12','In Progress','P2',35,40,25,16),('CHG66391','com.stumbleupon.Y-Solowarm','2016-12-11','In Progress','P2',69,46,27,78),('CHG66413','com.ebay.Opela','2001-06-07','In Progress','P2',73,24,42,45),('CHG66428','cn.gov.miitbeian.Redhold','2019-09-04','Open','P1',22,18,18,40),('CHG66583','org.slashdot.Asoka','2011-06-06','In Progress','P1',27,66,76,9),('CHG66599','com.ezinearticles.Fix San','2004-02-07','In Progress','P3',30,37,38,14),('CHG66666','com.sogou.Sonsing','2011-04-09','In Progress','P2',63,82,46,3),('CHG66695','org.archive.Wrapsafe','2021-06-22','Closed','P2',67,60,82,61),('CHG67079','com.jimdo.Domainer','2000-08-13','Open','P2',70,60,49,15),('CHG67154','org.simplemachines.Mat Lam Tam','2007-03-16','In Progress','P2',84,42,100,26),('CHG67188','com.wunderground.Sub-Ex','2007-01-22','Closed','P3',36,92,13,24),('CHG67255','nl.google.Asoka','2018-11-08','Closed','P2',79,51,64,54),('CHG67415','com.mac.Redhold','2003-07-05','In Progress','P3',3,65,19,100),('CHG67577','com.arstechnica.Tempsoft','2022-04-27','In Progress','P1',88,37,45,44),('CHG67665','edu.umich.Bytecard','2003-05-23','In Progress','P2',24,19,59,28),('CHG67728','com.alexa.Keylex','2002-08-03','Closed','P3',69,82,75,99),('CHG67826','com.technorati.Zaam-Dox','2017-05-21','In Progress','P2',29,43,56,76),('CHG67895','com.bizjournals.Toughjoyfax','2018-07-15','Closed','P1',91,24,88,46),('CHG68076','au.com.smh.Duobam','2003-05-16','Closed','P3',65,89,49,61),('CHG68097','com.newsvine.Konklab','2002-10-05','Closed','P3',19,75,68,26),('CHG68247','com.weibo.Mat Lam Tam','2004-03-23','In Progress','P2',97,91,89,27),('CHG68396','org.mozilla.Voltsillam','2021-07-17','In Progress','P1',84,33,80,92),('CHG68459','cn.360.Bitchip','2017-01-31','Closed','P2',80,22,88,22),('CHG68622','com.zdnet.Job','2001-11-15','In Progress','P2',70,18,61,100),('CHG68815','jp.or.plala.Veribet','2019-10-03','Closed','P1',34,63,41,86),('CHG68945','ru.vkontakte.Zamit','2006-06-01','In Progress','P1',99,80,78,95),('CHG68946','edu.ucsd.Bamity','2015-12-27','In Progress','P2',67,48,79,79),('CHG68947','com.apple.Alphazap','2008-03-29','In Progress','P2',22,8,35,64),('CHG69216','com.mayoclinic.Sub-Ex','2015-06-01','Closed','P2',13,39,67,28),('CHG69294','org.slashdot.Veribet','2018-04-27','Closed','P2',55,48,35,77),('CHG69754','org.slashdot.Ronstring','2005-09-21','In Progress','P2',53,38,72,12),('CHG69852','com.wunderground.Sub-Ex','2017-07-15','Closed','P2',66,97,2,10),('CHG69884','com.sohu.Bytecard','2016-08-12','Open','P2',61,1,47,99),('CHG69901','com.mysql.Konklux','2018-11-12','Closed','P2',64,51,89,56),('CHG69941','com.fotki.Sonsing','2021-10-15','Closed','P1',68,96,93,36),('CHG69958','com.topsy.Bytecard','2011-08-07','In Progress','P2',78,7,26,61),('CHG69982','com.prweb.Bigtax','2003-12-30','In Progress','P2',31,38,31,56),('CHG70205','de.spiegel.It','2002-08-11','In Progress','P1',55,73,24,2),('CHG70237','com.google.Bigtax','2005-03-12','Open','P3',91,24,23,91),('CHG70301','org.redcross.Cookley','2001-06-15','In Progress','P2',23,14,39,54),('CHG70320','com.hc360.Treeflex','2021-09-02','Open','P2',56,64,15,35),('CHG70406','uk.co.123-reg.Redhold','2004-08-17','In Progress','P3',76,36,75,73),('CHG70530','com.dagondesign.Sub-Ex','2000-03-24','Closed','P1',82,55,60,57),('CHG70567','com.sogou.Gembucket','2013-06-10','Open','P2',78,18,87,75),('CHG70569','org.craigslist.Lotstring','2006-04-04','In Progress','P2',97,8,49,23),('CHG70710','com.sciencedaily.Vagram','2004-02-23','In Progress','P1',72,11,8,16),('CHG70797','uk.co.guardian.Sonsing','2006-04-21','In Progress','P2',68,64,52,31),('CHG70890','ru.google.Mat Lam Tam','2007-11-19','In Progress','P2',68,88,72,79),('CHG71159','com.deliciousdays.Flexidy','2021-08-28','In Progress','P1',98,59,87,82),('CHG71188','com.dailymotion.Home Ing','2007-03-29','In Progress','P2',30,89,7,4),('CHG71486','com.cbslocal.Zathin','2001-04-01','In Progress','P3',62,72,91,75),('CHG71704','es.google.Y-find','2019-10-10','Open','P3',27,23,31,19),('CHG71871','gov.hhs.Kanlam','2009-06-29','In Progress','P2',17,45,90,42),('CHG71941','gov.senate.Zathin','2008-03-24','Closed','P1',87,56,76,25),('CHG71974','com.photobucket.Y-Solowarm','2012-01-03','In Progress','P3',1,52,58,41),('CHG72255','com.webs.Viva','2000-05-13','In Progress','P2',34,71,67,35),('CHG72283','com.yellowbook.Bitchip','2013-12-08','Closed','P3',40,34,59,2),('CHG72316','uk.co.thetimes.Tresom','2003-02-21','In Progress','P3',48,56,98,53),('CHG72424','net.jalbum.Aerified','2012-06-19','Closed','P2',56,67,20,20),('CHG72576','com.fastcompany.Stringtough','2002-01-02','Closed','P2',74,34,74,7),('CHG72687','com.nationalgeographic.Ronstring','2010-11-04','Open','P3',29,38,45,44),('CHG72806','uk.nhs.Opela','2001-02-26','Open','P2',30,93,45,6),('CHG72834','com.histats.Lotlux','2012-06-29','In Progress','P3',27,57,23,12),('CHG72907','ru.liveinternet.Tin','2013-10-06','In Progress','P2',100,89,85,68),('CHG73069','com.imgur.Veribet','2012-09-01','Closed','P2',61,55,41,62),('CHG73208','com.go.Bamity','2016-07-27','In Progress','P2',49,80,3,43),('CHG73210','com.devhub.Tresom','2006-03-26','Open','P2',36,78,6,61),('CHG73230','fr.pagesperso-orange.Gembucket','2004-07-07','Closed','P1',19,90,77,38),('CHG73427','uk.ac.cam.Transcof','2009-05-09','Open','P2',49,32,3,31),('CHG73510','com.yolasite.Hatity','2008-05-12','In Progress','P1',46,61,19,41),('CHG73529','co.t.Viva','2001-07-20','Closed','P2',44,42,65,25),('CHG73842','com.shinystat.Viva','2016-12-24','In Progress','P1',42,19,55,74),('CHG73939','com.sohu.Sonair','2018-03-06','In Progress','P2',88,80,76,30),('CHG73986','com.mashable.Treeflex','2010-02-20','Closed','P3',69,22,40,13),('CHG74026','com.time.Konklux','2008-02-26','In Progress','P3',4,41,98,63),('CHG74113','uk.co.dailymail.Y-Solowarm','2017-12-03','Closed','P2',59,93,40,70),('CHG74161','uk.co.telegraph.Mat Lam Tam','2000-10-09','Closed','P1',82,94,27,42),('CHG74369','com.twitter.Bamity','2019-05-01','Closed','P2',11,29,22,76),('CHG74508','com.tumblr.Zontrax','2019-04-06','Open','P2',5,73,64,6),('CHG74511','com.etsy.Bigtax','2015-09-03','Closed','P2',42,58,18,58),('CHG74683','net.sourceforge.Opela','2004-09-28','In Progress','P1',46,11,98,48),('CHG74782','eu.europa.Bigtax','2019-10-31','Closed','P1',100,66,66,97),('CHG75005','gov.house.Sonsing','2002-10-03','Closed','P2',6,49,82,21),('CHG75112','com.ibm.Otcom','2008-09-29','Open','P2',93,51,10,70),('CHG75429','com.hc360.Matsoft','2002-07-22','Open','P2',24,25,74,45),('CHG75454','com.vk.Ventosanzap','2013-05-08','In Progress','P1',5,41,39,98),('CHG75459','com.hexun.Cookley','2016-04-11','In Progress','P2',34,92,52,87),('CHG75468','com.examiner.Home Ing','2007-06-04','Closed','P2',87,59,57,60),('CHG75666','gov.ca.Prodder','2006-04-17','Closed','P2',71,79,1,61),('CHG75770','uk.co.telegraph.Flowdesk','2009-10-02','Closed','P1',75,43,53,83),('CHG75950','org.slashdot.Flexidy','2007-07-11','Closed','P2',51,61,49,9),('CHG76337','com.bing.Vagram','2022-12-09','Open','P2',56,23,64,66),('CHG76344','com.bigcartel.Cardguard','2013-02-20','In Progress','P2',60,73,55,34),('CHG76595','com.ycombinator.Cookley','2005-05-22','In Progress','P3',3,91,80,33),('CHG76644','uk.co.telegraph.Span','2009-07-26','In Progress','P2',4,17,16,84),('CHG76766','uk.co.telegraph.Regrant','2015-04-13','Open','P2',26,45,56,36),('CHG76768','com.1688.Ventosanzap','2003-07-02','Open','P2',53,57,99,19),('CHG77108','org.pbs.Alpha','2011-05-26','In Progress','P1',19,47,17,55),('CHG77539','com.forbes.Biodex','2005-02-23','In Progress','P3',63,82,97,45),('CHG77555','au.net.abc.Otcom','2007-11-20','Open','P1',12,20,69,39),('CHG77650','uk.co.thetimes.Bitwolf','2009-10-22','In Progress','P1',42,36,94,31),('CHG77674','net.slideshare.Otcom','2006-12-20','Closed','P2',74,67,90,46),('CHG77690','io.soup.Daltfresh','2005-04-09','In Progress','P2',93,50,56,7),('CHG77833','uk.ac.cam.Mat Lam Tam','2007-02-15','In Progress','P2',47,62,58,4),('CHG77843','com.scribd.Redhold','2007-12-10','In Progress','P2',4,2,62,98),('CHG77883','com.sciencedaily.Tres-Zap','2021-10-18','In Progress','P2',61,79,16,99),('CHG77886','com.trellian.Trippledex','2007-08-31','Closed','P2',62,43,45,54),('CHG77889','com.vistaprint.Home Ing','2012-05-06','In Progress','P2',2,7,99,89),('CHG77987','com.livejournal.It','2020-05-09','In Progress','P1',68,14,32,66),('CHG78088','com.phpbb.Tres-Zap','2013-06-01','In Progress','P2',70,15,43,34),('CHG78102','com.cnet.Lotstring','2005-09-09','Closed','P1',65,75,35,17),('CHG78284','com.dell.Redhold','2003-02-13','Open','P2',10,74,19,39),('CHG78373','pl.home.Cardify','2013-06-03','In Progress','P3',61,75,1,55),('CHG78649','com.go.Hatity','2012-05-02','In Progress','P2',67,37,99,23),('CHG78680','com.prnewswire.Quo Lux','2005-02-06','In Progress','P1',86,19,56,12),('CHG78763','com.nydailynews.Y-Solowarm','2002-07-13','Open','P1',98,24,45,93),('CHG78765','edu.msu.Aerified','2019-02-18','In Progress','P2',31,6,1,45),('CHG78796','com.nifty.Stringtough','2015-04-11','In Progress','P3',23,81,63,66),('CHG78815','au.gov.nsw.Hatity','2017-07-30','Open','P2',39,9,51,57),('CHG79264','edu.stanford.Transcof','2000-12-26','Closed','P1',64,72,66,51),('CHG79382','com.rediff.Andalax','2015-02-03','In Progress','P3',91,15,33,17),('CHG79431','es.google.Alphazap','2008-08-06','In Progress','P1',1,33,43,98),('CHG79465','com.prweb.Voyatouch','2010-05-04','Closed','P2',90,75,40,22),('CHG79488','org.wikimedia.Voltsillam','2001-10-07','In Progress','P2',32,69,5,17),('CHG79614','org.gmpg.Latlux','2013-01-23','Open','P3',68,35,16,27),('CHG79633','com.mac.Overhold','2000-01-02','Closed','P2',83,58,42,94),('CHG79659','uk.co.telegraph.Sonair','2001-12-21','In Progress','P2',88,10,60,31),('CHG79868','com.blogger.It','2007-05-06','Closed','P2',72,37,94,8),('CHG79969','org.unesco.Zathin','2012-04-18','In Progress','P2',28,29,37,56),('CHG79976','com.latimes.Cardify','2008-06-30','In Progress','P1',65,18,4,83),('CHG80001','br.com.uol.Bytecard','2004-05-21','In Progress','P1',75,8,45,36),('CHG80011','com.soundcloud.Cardguard','2015-02-20','In Progress','P1',19,50,58,35),('CHG80151','com.scientificamerican.Holdlamis','2019-01-04','In Progress','P2',99,34,8,58),('CHG80217','br.com.google.Zamit','2015-01-04','In Progress','P2',83,60,74,80),('CHG80421','com.photobucket.Regrant','2006-07-16','Closed','P1',6,9,8,48),('CHG80468','com.example.Voyatouch','2009-08-17','In Progress','P3',86,73,5,97),('CHG80711','com.shutterfly.Prodder','2011-07-24','Closed','P3',41,53,69,93),('CHG80774','com.mtv.It','2013-05-17','In Progress','P2',13,68,44,71),('CHG80795','com.netlog.Bitwolf','2006-12-04','In Progress','P2',60,56,27,62),('CHG80824','com.symantec.Redhold','2008-05-13','In Progress','P3',53,92,23,82),('CHG80870','tv.ustream.Trippledex','2009-08-06','Open','P1',56,21,32,20),('CHG80878','com.godaddy.Stronghold','2007-06-21','Closed','P2',74,64,95,97),('CHG81024','com.wordpress.Asoka','2015-07-28','Closed','P2',72,61,21,63),('CHG81191','com.wired.Hatity','2018-01-26','In Progress','P2',72,76,81,69),('CHG81223','com.cnbc.Y-Solowarm','2010-09-15','Open','P2',72,10,14,98),('CHG81244','de.spiegel.Tempsoft','2010-05-24','In Progress','P3',94,79,81,44),('CHG81278','com.amazonaws.Wrapsafe','2019-10-24','In Progress','P2',78,15,37,97),('CHG81306','com.sciencedirect.Subin','2004-04-25','Closed','P2',37,43,74,5),('CHG81350','com.homestead.Konklab','2018-08-27','In Progress','P1',12,77,22,7),('CHG81537','com.mozilla.Alphazap','2005-11-16','In Progress','P2',84,4,11,5),('CHG81550','com.vinaora.Stringtough','2016-11-17','Closed','P2',12,57,17,30),('CHG81586','gov.whitehouse.Zathin','2011-08-26','In Progress','P2',49,94,92,38),('CHG81602','com.oracle.Cardify','2009-10-13','Closed','P1',63,31,88,65),('CHG81617','com.meetup.Prodder','2016-06-24','Open','P3',77,95,34,2),('CHG81635','com.mac.Gembucket','2005-04-01','Closed','P1',74,76,7,23),('CHG81683','com.microsoft.Tin','2013-01-02','Closed','P2',87,9,23,29),('CHG81833','jp.ne.biglobe.Konklab','2005-06-26','In Progress','P2',76,64,34,58),('CHG81930','org.npr.Bamity','2010-09-07','Open','P1',84,29,52,35),('CHG82194','de.t-online.Tresom','2017-08-05','Closed','P3',10,86,40,100),('CHG82406','org.archive.Stim','2012-10-05','Open','P1',69,7,15,99),('CHG82450','net.a8.Holdlamis','2016-08-07','Open','P1',90,44,1,96),('CHG82582','org.joomla.Zathin','2010-11-30','Closed','P2',45,10,11,71),('CHG82701','au.gov.privacy.Zontrax','2010-04-17','In Progress','P1',62,32,9,53),('CHG82803','uk.co.bbc.Zathin','2022-05-12','In Progress','P2',9,23,12,77),('CHG82849','uk.co.123-reg.Overhold','2005-01-20','Closed','P1',81,62,23,83),('CHG82853','edu.harvard.Bitchip','2009-11-03','In Progress','P2',97,79,66,29),('CHG83020','com.prweb.Aerified','2009-02-09','In Progress','P2',88,49,53,21),('CHG83211','com.symantec.Lotlux','2003-10-14','Closed','P2',48,39,16,24),('CHG83255','net.ovh.Hatity','2014-01-30','In Progress','P2',52,59,70,100),('CHG83328','org.wikimedia.Cardify','2014-07-24','In Progress','P2',7,31,87,94),('CHG83330','com.indiatimes.Ventosanzap','2012-06-07','Closed','P2',29,62,92,94),('CHG83359','com.163.Quo Lux','2003-08-28','Closed','P3',80,69,1,83),('CHG83405','jp.i2i.Cardify','2011-05-27','In Progress','P1',39,52,36,78),('CHG83409','es.google.Sonsing','2001-08-02','Closed','P2',6,66,26,64),('CHG83474','com.github.Voltsillam','2012-04-24','Closed','P2',7,49,65,21),('CHG83505','com.parallels.Tin','2011-02-26','Closed','P2',38,67,23,88),('CHG83540','com.shinystat.It','2013-09-11','Closed','P1',41,10,46,25),('CHG83542','com.blinklist.Fintone','2022-06-05','In Progress','P2',41,71,59,77),('CHG83604','gov.loc.Rank','2018-12-19','Open','P2',74,38,99,23),('CHG83725','com.blogger.Tempsoft','2020-07-29','Closed','P2',67,42,51,99),('CHG83833','com.mysql.Keylex','2002-08-16','Closed','P1',17,54,87,29),('CHG83858','org.joomla.Flexidy','2001-09-10','In Progress','P2',25,90,63,2),('CHG83866','com.naver.Cookley','2003-03-24','Closed','P1',36,52,78,65),('CHG83891','us.imageshack.Quo Lux','2022-09-28','In Progress','P1',82,24,83,37),('CHG84061','com.tumblr.Wrapsafe','2011-06-22','In Progress','P2',92,8,19,86),('CHG84106','uk.co.webeden.Konklux','2018-06-23','Closed','P2',2,24,76,51),('CHG84255','net.ovh.Quo Lux','2004-06-22','Open','P2',78,64,19,94),('CHG84327','gov.ed.Job','2004-07-31','Open','P2',23,100,68,36),('CHG84425','com.wunderground.Overhold','2016-05-27','Closed','P2',27,30,47,80),('CHG84491','com.biblegateway.Temp','2020-01-07','In Progress','P1',29,70,44,13),('CHG84690','com.shareasale.Lotlux','2008-03-26','In Progress','P1',26,42,25,1),('CHG84701','es.google.Rank','2017-07-01','Closed','P2',76,43,84,36),('CHG84712','com.yellowpages.Latlux','2014-01-20','In Progress','P2',1,43,99,81),('CHG84872','ca.cbc.Vagram','2005-06-23','In Progress','P2',55,62,23,25),('CHG85050','es.google.Treeflex','2000-06-24','Closed','P3',32,44,24,83),('CHG85163','com.imgur.Bigtax','2002-09-30','Open','P2',32,17,82,57),('CHG85227','com.huffingtonpost.Aerified','2015-07-26','Closed','P2',94,37,50,2),('CHG85234','net.clickbank.Cardguard','2015-05-18','Closed','P3',97,82,86,69),('CHG85266','cn.gov.miitbeian.Sub-Ex','2021-08-24','Closed','P3',30,4,90,92),('CHG85299','com.sohu.Greenlam','2012-05-18','In Progress','P2',97,5,83,37),('CHG85340','com.ucoz.Job','2014-10-17','Open','P3',15,63,89,31),('CHG85483','com.aol.Bigtax','2019-06-18','Closed','P1',30,15,56,5),('CHG85511','com.answers.Rank','2008-01-05','Open','P1',3,1,14,82),('CHG85574','com.shareasale.Quo Lux','2002-01-27','In Progress','P2',28,32,28,30),('CHG85791','com.netscape.Bigtax','2014-10-03','In Progress','P2',98,48,91,29),('CHG85795','com.pinterest.Aerified','2004-12-08','In Progress','P2',34,13,88,83),('CHG85975','cz.mapy.Flexidy','2020-04-09','In Progress','P2',52,31,61,23),('CHG86168','org.simplemachines.Redhold','2017-09-04','In Progress','P3',36,71,63,8),('CHG86179','com.hubpages.Cardify','2002-12-28','In Progress','P2',33,9,93,73),('CHG86270','com.go.Voltsillam','2000-01-28','Closed','P3',84,95,47,68),('CHG86396','org.simplemachines.Zontrax','2020-04-25','In Progress','P2',5,56,43,21),('CHG86528','de.1und1.Zamit','2021-07-10','Open','P3',11,30,21,68),('CHG86706','edu.cornell.Lotstring','2020-09-05','In Progress','P2',91,99,86,43),('CHG86739','com.over-blog.Latlux','2012-07-10','In Progress','P2',31,15,26,43),('CHG86742','com.weebly.Rank','2010-01-27','In Progress','P2',75,49,53,68),('CHG86762','com.engadget.Flexidy','2010-02-18','Open','P2',3,5,92,43),('CHG86794','net.cpanel.Stringtough','2012-12-09','In Progress','P2',65,54,41,19),('CHG86981','com.tumblr.Flexidy','2006-06-30','In Progress','P2',53,39,94,13),('CHG87082','com.ifeng.Fintone','2020-11-11','Open','P2',99,9,25,20),('CHG87145','com.meetup.Fixflex','2013-02-12','In Progress','P2',78,80,91,21),('CHG87230','gov.house.Daltfresh','2000-04-28','Open','P3',25,81,90,92),('CHG87428','com.freewebs.Ronstring','2018-03-12','Open','P2',86,2,35,42),('CHG87456','com.nationalgeographic.Bytecard','2009-07-25','Closed','P2',94,75,34,53),('CHG87593','jp.ne.so-net.Holdlamis','2010-11-23','In Progress','P1',28,66,71,16),('CHG87611','co.g.Latlux','2005-10-12','In Progress','P2',99,57,31,77),('CHG87712','net.themeforest.Opela','2010-07-18','Closed','P2',63,59,52,12),('CHG87727','com.weebly.Pannier','2004-03-16','Open','P2',84,7,31,17),('CHG87819','com.constantcontact.Matsoft','2001-12-30','In Progress','P2',38,20,98,44),('CHG88204','com.blinklist.Voyatouch','2013-03-22','In Progress','P2',12,7,1,98),('CHG88218','com.bluehost.Subin','2003-04-19','Open','P2',96,14,88,87),('CHG88343','com.aol.Redhold','2010-10-22','Closed','P1',27,82,87,24),('CHG88404','cn.com.people.Asoka','2020-12-10','In Progress','P3',49,40,58,6),('CHG88753','com.soundcloud.Gembucket','2000-08-17','Open','P2',57,31,11,69),('CHG88884','com.forbes.Keylex','2006-04-13','In Progress','P2',32,92,14,61),('CHG88888','com.tumblr.Hatity','2022-04-03','Closed','P2',61,32,41,87),('CHG88982','com.histats.Flowdesk','2022-12-19','Closed','P1',75,4,25,54),('CHG89022','uk.co.ebay.Temp','2000-04-16','In Progress','P2',96,86,81,3),('CHG89030','ru.odnoklassniki.Stim','2002-08-12','In Progress','P2',50,90,37,89),('CHG89154','nl.google.Vagram','2006-12-25','In Progress','P1',14,44,74,54),('CHG89156','com.examiner.Alpha','2013-06-11','Closed','P2',92,18,7,88),('CHG89170','com.godaddy.Matsoft','2015-09-18','In Progress','P1',40,1,24,97),('CHG89181','com.github.Tres-Zap','2002-07-02','Closed','P2',47,53,4,36),('CHG89311','fr.unblog.Voyatouch','2011-07-13','In Progress','P2',26,38,49,96),('CHG89317','com.skype.Tres-Zap','2000-12-08','Closed','P2',89,10,10,87),('CHG89691','ru.ucoz.Temp','2009-01-27','In Progress','P2',85,13,38,70),('CHG89817','vu.de.Matsoft','2008-01-09','In Progress','P2',58,93,86,28),('CHG90072','com.lycos.Otcom','2012-01-17','In Progress','P1',7,67,21,7),('CHG90377','com.opera.Bitchip','2016-11-21','Open','P2',10,7,41,42),('CHG90392','uk.co.independent.Domainer','2021-03-21','Closed','P2',97,22,47,7),('CHG90413','com.salon.Bitchip','2021-09-04','Open','P1',5,96,42,1),('CHG90427','gov.state.Daltfresh','2001-10-10','Closed','P2',59,68,4,66),('CHG90513','com.jiathis.It','2006-03-08','In Progress','P2',10,23,7,37),('CHG90525','org.prlog.Cardguard','2019-08-13','In Progress','P2',12,77,89,35),('CHG90569','com.aol.Lotlux','2010-05-01','Closed','P1',37,68,98,38),('CHG90751','com.1688.Stringtough','2021-07-07','Closed','P2',8,60,2,49),('CHG90841','com.barnesandnoble.Fixflex','2002-01-06','Closed','P2',43,17,24,12),('CHG90908','org.bbb.Trippledex','2021-01-04','Open','P2',67,50,58,90),('CHG91000','gov.usgs.Stim','2022-10-23','Closed','P2',11,46,2,94),('CHG91034','com.forbes.Cookley','2022-08-22','Closed','P2',84,77,28,93),('CHG91041','org.joomla.Prodder','2017-05-06','Closed','P3',87,98,37,42),('CHG91215','com.springer.Quo Lux','2011-12-01','In Progress','P2',43,88,66,66),('CHG91261','cn.360.Span','2014-07-13','Open','P2',22,83,1,25),('CHG91310','edu.berkeley.Konklab','2000-04-23','Open','P1',5,99,92,3),('CHG91394','com.nba.Home Ing','2000-07-08','In Progress','P2',12,50,73,18),('CHG91596','com.cnn.Holdlamis','2018-10-15','In Progress','P2',93,35,8,19),('CHG91634','com.dagondesign.Konklab','2010-05-11','Closed','P1',96,23,84,87),('CHG91739','info.aboutads.Kanlam','2008-05-29','In Progress','P1',56,4,63,31),('CHG91801','com.dailymotion.Fix San','2008-10-02','Open','P2',18,48,46,72),('CHG91806','cn.com.people.Holdlamis','2022-11-09','In Progress','P2',35,38,7,50),('CHG91849','hk.com.google.Flexidy','2000-01-19','Closed','P2',88,44,36,79),('CHG91896','com.yelp.Tresom','2003-01-22','In Progress','P2',79,23,72,58),('CHG91941','edu.msu.Subin','2020-03-08','In Progress','P2',84,97,1,1),('CHG91969','gov.senate.Zoolab','2003-02-20','Closed','P1',2,59,91,39),('CHG92050','com.blinklist.Bigtax','2007-12-31','In Progress','P2',5,70,94,66),('CHG92308','com.jiathis.Stringtough','2020-06-30','In Progress','P2',2,11,54,70),('CHG92327','com.skyrock.Latlux','2003-05-04','In Progress','P2',12,91,89,60),('CHG92361','com.yelp.Pannier','2012-03-22','Open','P3',94,73,99,23),('CHG92366','com.eepurl.Keylex','2015-07-30','In Progress','P2',17,89,12,85),('CHG93012','br.com.uol.Bamity','2014-12-30','Closed','P2',23,27,74,32),('CHG93041','com.freewebs.Rank','2001-03-01','Open','P3',22,58,73,70),('CHG93228','com.gravatar.Stringtough','2010-05-20','In Progress','P2',1,93,40,67),('CHG93634','tv.ustream.Stringtough','2015-08-22','Closed','P3',50,83,87,17),('CHG93810','com.examiner.Veribet','2016-02-25','In Progress','P2',60,51,33,66),('CHG94026','uk.ac.cam.Sub-Ex','2020-04-09','Closed','P3',22,57,8,2),('CHG94341','com.microsoft.Treeflex','2018-02-05','In Progress','P2',21,71,46,57),('CHG94450','edu.princeton.Trippledex','2002-08-24','In Progress','P2',64,64,20,3),('CHG94471','com.delicious.Regrant','2001-11-14','In Progress','P2',50,91,76,10),('CHG94510','com.ucoz.Wrapsafe','2005-09-25','In Progress','P2',43,36,16,42),('CHG94641','com.blog.Vagram','2008-11-21','Closed','P3',87,58,17,100),('CHG94741','edu.uiuc.Domainer','2003-10-20','Closed','P2',76,57,53,55),('CHG94783','co.t.Job','2012-06-20','Closed','P2',5,28,82,50),('CHG94821','com.engadget.Stringtough','2010-03-01','Closed','P2',61,52,82,95),('CHG94881','net.jalbum.Sonair','2019-12-04','In Progress','P2',36,31,38,33),('CHG94938','com.quantcast.Domainer','2016-11-27','In Progress','P3',5,43,27,6),('CHG94997','ca.cbc.Bitwolf','2015-05-15','Open','P3',7,26,36,84),('CHG95042','com.alexa.Voltsillam','2011-12-10','Closed','P2',41,25,16,17),('CHG95163','com.kickstarter.Overhold','2022-07-23','Open','P1',62,75,45,91),('CHG95250','com.wix.Bitchip','2001-03-15','In Progress','P2',81,26,5,89),('CHG95597','de.spiegel.Latlux','2003-12-12','In Progress','P1',68,8,53,56),('CHG95797','com.sun.Ronstring','2011-06-29','Closed','P2',39,43,83,25),('CHG95849','com.vimeo.Alphazap','2017-11-15','Closed','P3',90,80,36,16),('CHG95889','org.networkadvertising.Ventosanzap','2012-01-06','In Progress','P1',86,50,64,51),('CHG96099','org.redcross.Keylex','2009-11-05','Closed','P2',85,64,30,40),('CHG96184','ru.rambler.Flowdesk','2011-11-29','In Progress','P2',41,30,76,10),('CHG96383','ru.ucoz.Fintone','2008-12-01','Closed','P2',23,57,51,57),('CHG96514','com.paypal.Greenlam','2020-03-29','In Progress','P2',56,78,55,4),('CHG96526','org.opensource.Duobam','2006-07-15','In Progress','P2',79,42,64,95),('CHG96619','com.elegantthemes.Cookley','2019-04-20','Open','P2',47,17,93,35),('CHG96831','net.seesaa.Pannier','2013-10-22','Closed','P3',42,23,2,69),('CHG96913','cn.360.Tampflex','2009-12-18','In Progress','P2',67,33,73,30),('CHG97014','com.studiopress.Treeflex','2002-12-05','In Progress','P3',96,95,20,54),('CHG97075','com.nifty.Regrant','2002-10-13','Closed','P2',50,83,47,92),('CHG97181','uk.nhs.Sub-Ex','2001-06-25','In Progress','P2',37,65,74,19),('CHG97366','cn.com.china.Andalax','2014-12-25','Open','P3',83,25,3,66),('CHG97434','edu.psu.Namfix','2007-02-05','Closed','P2',7,47,1,97),('CHG97478','gov.ca.Gembucket','2016-10-01','In Progress','P2',39,66,93,99),('CHG97497','ca.google.Duobam','2016-12-06','In Progress','P3',99,99,60,13),('CHG97552','com.phpbb.Tres-Zap','2018-12-22','Open','P2',44,75,62,25),('CHG97759','com.list-manage.Cardguard','2010-06-17','In Progress','P2',96,79,44,13),('CHG97793','com.geocities.Namfix','2021-03-24','In Progress','P2',58,25,78,30),('CHG97993','com.blogger.Tampflex','2009-08-07','Closed','P3',64,3,98,36),('CHG98054','de.1und1.Cardify','2017-06-17','In Progress','P2',27,22,75,45),('CHG98207','com.walmart.Otcom','2012-04-13','In Progress','P3',20,21,11,62),('CHG98264','com.alexa.Matsoft','2010-12-03','Closed','P2',83,90,12,21),('CHG98494','com.wordpress.Voltsillam','2010-07-19','In Progress','P1',50,35,51,4),('CHG98501','edu.uiuc.Voltsillam','2016-08-24','Closed','P2',80,86,43,97),('CHG98509','com.mysql.Aerified','2015-05-04','Open','P2',84,74,43,69),('CHG98655','com.shareasale.Subin','2022-06-01','In Progress','P3',39,88,99,46),('CHG98756','jp.or.plala.Regrant','2012-05-08','In Progress','P3',79,73,36,8),('CHG98954','com.bloglovin.Transcof','2004-07-20','Closed','P2',98,53,33,15),('CHG99140','gov.ed.Opela','2015-01-17','Closed','P2',80,99,54,89),('CHG99185','net.ovh.Andalax','2017-03-15','Closed','P2',29,76,41,14),('CHG99271','com.nbcnews.Home Ing','2003-07-07','Open','P1',82,20,26,11),('CHG99281','com.fotki.Aerified','2017-12-26','Open','P2',93,35,15,67),('CHG99294','com.jiathis.Tampflex','2009-04-04','Closed','P2',28,49,51,40),('CHG99397','io.pen.Bamity','2012-08-19','Closed','P2',13,10,20,95),('CHG99437','com.4shared.Konklux','2016-11-06','In Progress','P2',52,60,84,45),('CHG99585','jp.ne.biglobe.Alphazap','2015-09-20','Closed','P2',76,10,3,24),('CHG99744','gov.noaa.Zathin','2019-04-16','Closed','P2',96,87,29,10),('CHG99842','de.1und1.Zamit','2005-03-29','Closed','P2',100,51,26,96),('CHG99853','com.weibo.Fix San','2006-09-04','In Progress','P1',13,66,31,84);
/*!40000 ALTER TABLE `change_ticket` ENABLE KEYS */;
UNLOCK TABLES;

--
-- Table structure for table `employee`
--

DROP TABLE IF EXISTS `employee`;
/*!40101 SET @saved_cs_client     = @@character_set_client */;
/*!50503 SET character_set_client = utf8mb4 */;
CREATE TABLE `employee` (
  `emp_id` int NOT NULL AUTO_INCREMENT,
  `team_id` int NOT NULL,
  `emp_name` varchar(50) NOT NULL,
  `date_of_birth` date NOT NULL,
  `sex` enum('Male','Female','Other') DEFAULT NULL,
  `address_street_name` varchar(255) DEFAULT NULL,
  `address_street_number` varchar(50) DEFAULT NULL,
  `address_zipcode` varchar(20) DEFAULT NULL,
  `address_city` varchar(50) DEFAULT NULL,
  `address_state` varchar(50) DEFAULT NULL,
  `phone_number` varchar(15) DEFAULT NULL,
  `joining_date` date DEFAULT NULL,
  `age` int NOT NULL,
  PRIMARY KEY (`emp_id`),
  KEY `fk_employee_team` (`team_id`),
  CONSTRAINT `fk_employee_team` FOREIGN KEY (`team_id`) REFERENCES `team` (`team_id`) ON DELETE CASCADE ON UPDATE CASCADE
) ENGINE=InnoDB AUTO_INCREMENT=101 DEFAULT CHARSET=utf8mb4 COLLATE=utf8mb4_0900_ai_ci;
/*!40101 SET character_set_client = @saved_cs_client */;

--
-- Dumping data for table `employee`
--

LOCK TABLES `employee` WRITE;
/*!40000 ALTER TABLE `employee` DISABLE KEYS */;
INSERT INTO `employee` VALUES (1,5,'Berne Revie','1958-11-10','Male','7th','7779','21311','Newport News','Virginia','7575415052','2022-01-17',64),(2,4,'Johnna Thinn','1984-03-15','Female','Mesta','7','31526','Kansas City','Missouri','8168978849','2022-07-30',38),(3,6,'Fanya Hinrichsen','1992-09-13','Female','Redwing','36169','92388','Saginaw','Michigan','9891950943','2022-08-12',30),(4,4,'Rowen Chapelhow','1963-06-27','Male','Paget','561','18900','Richmond','Virginia','8048331241','2022-03-09',59),(5,7,'Sianna Dilliway','1991-03-02','Female','Corry','75','12674','Washington','District of Columbia','2028420149','2022-07-14',31),(6,9,'Harlen Thow','1962-09-10','Male','Gina','23','87887','Bellevue','Washington','2063192254','2022-12-23',60),(7,9,'Kerby Olford','1966-09-24','Male','Garrison','31','91786','Oklahoma City','Oklahoma','4054185235','2022-07-12',56),(8,10,'Kelsey Ghidotti','1975-08-03','Female','5th','9','29277','Mobile','Alabama','2516342682','2022-12-27',47),(9,5,'Lucas Leeuwerink','1978-08-13','Male','International','7','69960','Birmingham','Alabama','2051504300','2022-01-29',44),(10,6,'Alvera Withrington','1994-12-19','Female','Brickson Park','78070','52720','Fort Wayne','Indiana','2605067928','2022-10-02',27),(11,8,'Jeanie Hollyman','1976-04-12','Female','Monica','535','88648','Naples','Florida','9412955900','2022-10-11',46),(12,9,'North Chang','1984-01-14','Male','Farwell','36771','37046','San Diego','California','8584798318','2022-03-12',38),(13,2,'Trevar Hand','1986-09-25','Male','Farwell','33228','86067','Richmond','Virginia','8048082280','2022-10-05',36),(14,5,'Kelvin Blackeby','1993-03-10','Male','Fordem','10115','53939','San Diego','California','6199155446','2022-05-23',29),(15,9,'Saidee Strowlger','1976-05-17','Female','Thierer','90','94472','Tampa','Florida','8136204670','2022-07-13',46),(16,3,'Caria Emmanuele','1969-06-16','Female','Moulton','6','97352','Springfield','Illinois','2175294505','2022-05-06',53),(17,2,'Rebeka Harnwell','1965-02-03','Female','Kim','85535','53256','Fort Lauderdale','Florida','7547209707','2022-12-12',57),(18,4,'Vania Bucktharp','1974-02-17','Female','Cardinal','44','57143','Mobile','Alabama','2514197984','2022-05-18',48),(19,1,'Mellicent Garmans','1950-08-11','Female','Kings','2984','14800','Stockton','California','2094853826','2022-09-29',72),(20,6,'Midge Swetenham','1958-08-03','Female','Tennyson','7173','18307','Honolulu','Hawaii','8084933773','2022-03-11',64),(21,1,'Allin Westmarland','1981-11-24','Male','Sunbrook','3935','62759','Dallas','Texas','2145334999','2022-07-04',41),(22,2,'Schuyler Simmill','1963-12-03','Male','Bashford','2','69520','Wilmington','Delaware','3029959996','2022-11-04',59),(23,2,'Beilul Sigart','1960-09-09','Female','Waywood','8','41720','Riverside','California','9096342691','2022-04-25',62),(24,3,'Filip Groucock','1952-04-15','Male','Gulseth','8376','35803','Wichita','Kansas','3165704941','2022-03-29',70),(25,10,'Javier Snoday','1995-08-24','Male','Thierer','72869','22165','South Lake Tahoe','California','5301604247','2022-04-11',27),(26,2,'Jeanette Brimacombe','1994-05-17','Female','Sycamore','1708','11779','Dallas','Texas','4696566496','2022-06-13',28),(27,3,'Jannelle Pyper','1982-07-19','Female','Northland','54','69353','Dayton','Ohio','9378958379','2022-12-19',40),(28,10,'Lorain Wolfendell','1984-05-03','Female','Dahle','29580','89609','North Port','Florida','9419215523','2022-11-17',38),(29,10,'Bill Meugens','1972-09-02','Male','Heffernan','130','83575','Houston','Texas','7133429438','2022-07-20',50),(30,6,'Samara McGilmartin','1994-11-12','Female','Anhalt','91051','21457','Seattle','Washington','2062255774','2022-11-06',28),(31,10,'Sanders Divina','1954-03-22','Male','Westend','76','76544','Birmingham','Alabama','2054875042','2022-09-27',68),(32,9,'Taryn Iveson','1960-06-16','Female','Meadow Ridge','2653','10513','Roanoke','Virginia','5404872681','2022-12-04',62),(33,8,'Jethro Jedrzejczak','1983-04-24','Male','Red Cloud','62','80011','Saint Louis','Missouri','3147928526','2022-06-23',39),(34,9,'Maggi Rankin','1965-03-04','Female','Hoepker','897','44377','Chicago','Illinois','3127435249','2022-10-05',57),(35,2,'Glori Havik','1976-08-16','Female','Sunnyside','6677','12063','Las Vegas','Nevada','7028799231','2022-09-22',46),(36,10,'Shayne Haken','1990-01-30','Female','Manufacturers','5401','75327','Pasadena','California','6265716655','2022-06-10',32),(37,7,'Michel Aveline','1982-06-08','Male','Myrtle','91','32536','Waco','Texas','2543677194','2022-11-21',40),(38,3,'Isahella Dredge','1951-01-02','Female','Sunbrook','2','50263','Portland','Oregon','5031916556','2022-09-07',71),(39,3,'Codi Flaxon','1979-03-05','Male','Morning','13470','53971','Lubbock','Texas','8063532105','2022-08-05',43),(40,9,'Timothy Gathercole','1960-07-08','Male','Roxbury','8729','66038','Brooklyn','New York','2125034071','2022-06-04',62),(41,7,'Desiree Rennicks','1987-04-26','Female','Lotheville','39','56977','San Jose','California','6509590317','2022-04-27',35),(42,7,'Cull Dikes','1981-10-30','Male','Sauthoff','8721','73845','Pasadena','Texas','7137938253','2022-07-24',41),(43,8,'Steffane Biddell','1979-11-16','Female','High Crossing','2','22746','Topeka','Kansas','7859684832','2022-06-03',43),(44,1,'Raven Jeger','1983-05-12','Female','Gulseth','8238','32118','Charlotte','North Carolina','7042202490','2022-01-15',39),(45,3,'Benito McVane','1952-03-22','Male','Roth','9','14375','Youngstown','Ohio','3309079452','2022-12-12',70),(46,2,'Jeniece Arkwright','1976-11-22','Female','Morning','3146','43177','Austin','Texas','5121614425','2022-08-16',46),(47,6,'Penrod Carleman','1972-05-10','Male','Hagan','1','28659','Reno','Nevada','7755652257','2022-10-20',50),(48,6,'Paolina Ivins','1995-08-16','Female','Almo','863','98943','Louisville','Kentucky','5021185364','2022-07-30',27),(49,10,'Mona Adamovsky','1966-03-16','Female','Bashford','1732','21142','Frankfort','Kentucky','5027613936','2022-09-23',56),(50,1,'Faunie Yakebovich','1971-02-10','Female','Kenwood','7','66659','Bismarck','North Dakota','7012289560','2022-02-09',51),(51,6,'Alica Fishbie','1961-01-30','Female','High Crossing','6','41046','Gainesville','Florida','3526500411','2022-03-08',61),(52,8,'Brig Duffill','1961-03-21','Male','Reinke','6','15377','Salem','Oregon','9718343677','2022-01-21',61),(53,6,'Garry Turnell','1991-03-20','Male','Darwin','69','57736','Daytona Beach','Florida','3865427220','2022-09-29',31),(54,7,'Dunc Brodeau','1963-05-18','Male','Mosinee','333','77329','Anchorage','Alaska','9071120265','2022-02-01',59),(55,7,'Cristen Atwool','1967-12-31','Female','Heffernan','3642','41643','Augusta','Georgia','7064667702','2022-11-16',54),(56,10,'Carola Rouch','1964-02-17','Female','Bobwhite','51','42625','West Palm Beach','Florida','5613595950','2022-10-17',58),(57,8,'Katusha Housecraft','1989-01-11','Female','Killdeer','973','77225','Ashburn','Virginia','5716349967','2022-02-09',33),(58,5,'Luca Joontjes','1959-04-05','Male','Eastwood','9191','16871','Jacksonville','Florida','9042669118','2022-11-26',63),(59,3,'Pace Pigeon','1992-04-24','Male','Carberry','68','68709','Louisville','Kentucky','5024895792','2022-06-20',30),(60,5,'Annadiana Vlasin','1960-04-09','Female','La Follette','45','39777','Merrifield','Virginia','5715899778','2022-08-25',62),(61,8,'Helaina Byass','1963-10-21','Female','Michigan','61','87879','Boca Raton','Florida','5618411946','2022-05-20',59),(62,3,'Calv Perrat','1980-02-29','Male','Pine View','6798','64509','Jackson','Mississippi','6012719073','2022-10-31',42),(63,7,'Kenna Bootherstone','1955-05-09','Female','Nobel','3','79229','Suffolk','Virginia','7573481058','2022-05-27',67),(64,9,'Mildrid Sumbler','1970-07-16','Female','Del Sol','99','48101','Rochester','New York','5858480894','2022-09-10',52),(65,9,'Osborne Bridle','1975-07-31','Male','Loomis','63826','94999','Austin','Texas','5122486011','2022-12-03',47),(66,9,'Suzie Abrehart','1969-12-21','Female','Moose','5734','65419','Amarillo','Texas','8067942912','2022-01-17',52),(67,8,'Ilyssa Jore','1967-05-28','Female','Judy','4745','88406','Saint Louis','Missouri','3149901804','2022-09-13',55),(68,5,'Teddy Danielsen','1974-06-11','Male','Di Loreto','51916','23875','Jacksonville','Florida','9043590068','2022-08-07',48),(69,9,'Archie Haste','1972-12-25','Male','Golf Course','248','11288','Orlando','Florida','3213883097','2022-09-22',49),(70,3,'Mick Leake','1983-09-04','Male','Green Ridge','4','15218','Lexington','Kentucky','8598576090','2022-08-15',39),(71,10,'Tobin Sings','1982-01-24','Male','Norway Maple','9713','95821','Boise','Idaho','2086407558','2022-09-06',40),(72,5,'Maurise De Souza','1981-10-23','Male','Nova','6698','89912','Norfolk','Virginia','7573397583','2022-04-24',41),(73,8,'Aubrie MacNeillie','1970-08-14','Female','Talisman','636','53076','Columbus','Ohio','6143264278','2022-11-14',52),(74,5,'Walker Essery','1974-06-05','Male','Graedel','5','78170','Baton Rouge','Louisiana','2251386579','2022-05-04',48),(75,10,'Wilton Attiwill','1950-09-26','Male','Morrow','353','17415','Tampa','Florida','7278609982','2022-04-07',72),(76,2,'Angelia Mechan','1958-11-09','Female','Texas','4','21823','Santa Rosa','California','7076124012','2022-06-23',64),(77,10,'Archambault Worsnip','1982-09-20','Male','Briar Crest','5','98462','Houston','Texas','7137488264','2022-03-05',40),(78,3,'Cori Celle','1988-09-25','Male','Katie','305','10271','Birmingham','Alabama','2051704688','2022-10-30',34),(79,9,'Eula Rosengarten','1989-01-30','Female','Melvin','25','69562','San Diego','California','6196302405','2022-11-15',33),(80,4,'Cary Rosindill','1979-05-10','Female','Pleasure','3','26390','Tacoma','Washington','2064953446','2022-12-04',43),(81,3,'Bengt Sherrell','1951-07-04','Male','Mayfield','6','17005','Birmingham','Alabama','2053923001','2022-03-30',71),(82,10,'Janos Mannooch','1973-10-23','Male','Tony','94364','45537','Houston','Texas','7137056439','2022-01-30',49),(83,9,'Ravi Seppey','1958-02-25','Male','Schmedeman','5','19698','Charlotte','North Carolina','7048770896','2022-03-25',64),(84,3,'Rosmunda Starford','1964-06-15','Female','Oriole','298','18606','Ocala','Florida','3528906539','2022-02-16',58),(85,9,'Mayne McKenzie','1954-09-28','Male','Michigan','56','27539','San Luis Obispo','California','8057567869','2022-02-25',68),(86,5,'Vyky Hughf','1987-02-17','Female','1st','6237','37578','San Antonio','Texas','2103516286','2022-02-18',35),(87,10,'Nels Teale','1955-05-19','Male','Basil','3128','23817','Decatur','Illinois','2172819473','2022-03-03',67),(88,9,'Nikoletta Sutter','1953-04-27','Female','Rockefeller','4142','52194','Atlanta','Georgia','4047640385','2022-06-17',69),(89,2,'Gallagher Krystof','1954-02-07','Male','Spenser','122','67621','New York City','New York','6463210785','2022-08-04',68),(90,6,'Wendall Janic','1960-05-08','Male','Northfield','74164','47005','Salem','Oregon','5039788724','2022-08-19',62),(91,7,'Heath Merrydew','1988-01-31','Male','Almo','9521','53511','Flint','Michigan','8102216112','2022-01-19',34),(92,2,'Kean Merriment','1952-12-19','Male','Namekagon','1803','73521','Schenectady','New York','5181057581','2022-08-30',69),(93,1,'Farris Rennles','1987-01-05','Male','Glacier Hill','659','96674','Memphis','Tennessee','9018096464','2022-01-18',35),(94,3,'Ryann Orto','1955-03-05','Female','Farragut','896','45294','Albuquerque','New Mexico','5055036675','2022-05-20',67),(95,3,'Cello Sacase','1966-08-24','Male','Lukken','1674','46659','Rochester','New York','5853589747','2022-04-16',56),(96,7,'Hebert Gurery','1967-08-02','Male','Hoffman','4352','85406','Topeka','Kansas','7857931232','2022-01-02',55),(97,5,'Madella Corten','1975-11-15','Female','Sunnyside','3147','69304','Brooklyn','New York','7184350425','2022-06-12',47),(98,5,'Richy Busswell','1986-07-28','Male','Kenwood','14281','39576','Fresno','California','5594219183','2022-07-02',36),(99,3,'Zitella Calvard','1972-12-19','Female','Michigan','6370','83252','Odessa','Texas','4329725802','2022-12-01',49),(100,1,'Ian Mc Trusty','1978-09-17','Male','Kinsman','26267','32091','Longview','Texas','9038028521','2022-11-26',44);
/*!40000 ALTER TABLE `employee` ENABLE KEYS */;
UNLOCK TABLES;

--
-- Table structure for table `incident_ticket`
--

DROP TABLE IF EXISTS `incident_ticket`;
/*!40101 SET @saved_cs_client     = @@character_set_client */;
/*!50503 SET character_set_client = utf8mb4 */;
CREATE TABLE `incident_ticket` (
  `ticket_id` varchar(50) NOT NULL,
  `description` varchar(255) NOT NULL,
  `start_date` date NOT NULL,
  `status` enum('Open','In Progress','Closed') DEFAULT NULL,
  `priority` enum('P1','P2','P3','P4') DEFAULT NULL,
  `sprint_id` int NOT NULL,
  `created_by` int NOT NULL,
  PRIMARY KEY (`ticket_id`),
  KEY `fk_incident_sprint` (`sprint_id`),
  KEY `fk_incident_emp` (`created_by`),
  CONSTRAINT `fk_incident_emp` FOREIGN KEY (`created_by`) REFERENCES `employee` (`emp_id`) ON DELETE CASCADE ON UPDATE CASCADE,
  CONSTRAINT `fk_incident_sprint` FOREIGN KEY (`sprint_id`) REFERENCES `sprint` (`sprint_id`) ON DELETE CASCADE ON UPDATE CASCADE
) ENGINE=InnoDB DEFAULT CHARSET=utf8mb4 COLLATE=utf8mb4_0900_ai_ci;
/*!40101 SET character_set_client = @saved_cs_client */;

--
-- Dumping data for table `incident_ticket`
--

LOCK TABLES `incident_ticket` WRITE;
/*!40000 ALTER TABLE `incident_ticket` DISABLE KEYS */;
INSERT INTO `incident_ticket` VALUES ('INC00019','mil.army.Cardguard','2014-08-30','Open','P2',93,74),('INC00310','com.oracle.Y-Solowarm','2007-06-09','Closed','P2',7,89),('INC00362','gov.cdc.Solarbreeze','2022-06-03','In Progress','P2',82,53),('INC00502','com.bandcamp.Sub-Ex','2008-04-05','In Progress','P3',8,37),('INC00509','com.microsoft.Greenlam','2019-03-30','Closed','P2',70,19),('INC00605','com.cnet.Bytecard','2016-01-23','In Progress','P3',43,38),('INC00875','com.prnewswire.Tin','2020-09-16','In Progress','P2',26,49),('INC01057','com.reverbnation.Duobam','2008-08-29','In Progress','P2',84,3),('INC01072','com.fc2.Temp','2002-11-30','In Progress','P2',21,62),('INC01103','com.tinypic.Tresom','2000-04-15','In Progress','P2',48,2),('INC01104','com.time.Lotlux','2006-10-13','In Progress','P2',45,84),('INC01151','ru.liveinternet.Greenlam','2007-09-20','Closed','P2',43,63),('INC01179','uk.co.123-reg.Temp','2010-06-29','Closed','P1',9,75),('INC01209','jp.ne.biglobe.Rank','2004-11-29','In Progress','P2',36,43),('INC01215','com.friendfeed.Cookley','2022-01-15','Open','P1',11,72),('INC01221','com.newyorker.Toughjoyfax','2007-04-30','Open','P3',57,73),('INC01309','com.sogou.Y-find','2000-06-01','Closed','P2',45,72),('INC01468','edu.cmu.Asoka','2008-03-14','In Progress','P1',80,12),('INC01504','com.blogs.Tresom','2018-08-06','Closed','P1',16,69),('INC01570','la.51.Redhold','2016-02-16','Closed','P3',59,12),('INC01825','uk.co.timesonline.Alphazap','2009-10-14','In Progress','P2',82,41),('INC01893','com.lulu.Biodex','2013-04-14','In Progress','P1',63,45),('INC02357','com.nytimes.Lotlux','2007-09-10','Open','P1',4,5),('INC02366','int.who.Bigtax','2007-08-07','Closed','P3',54,50),('INC02561','cn.com.people.Wrapsafe','2007-09-11','In Progress','P2',79,23),('INC02576','com.theguardian.Konklab','2015-01-02','Closed','P2',72,9),('INC02664','com.topsy.Rank','2021-01-16','Closed','P2',89,44),('INC02866','org.dmoz.Cookley','2022-10-07','In Progress','P2',50,80),('INC03347','com.eepurl.Ronstring','2002-02-07','Closed','P2',82,14),('INC03435','com.mashable.It','2018-05-09','In Progress','P1',45,24),('INC03470','us.tx.state.Bitwolf','2021-12-23','Open','P2',17,20),('INC03698','com.ask.Solarbreeze','2004-06-25','Open','P2',31,83),('INC03752','com.addtoany.Lotlux','2010-11-14','In Progress','P2',4,69),('INC03872','com.reddit.Zathin','2008-09-02','Open','P2',14,65),('INC04272','com.bloglines.Lotstring','2017-12-29','Closed','P1',36,79),('INC04302','com.mtv.Veribet','2003-02-17','Closed','P2',84,53),('INC04459','com.pcworld.Quo Lux','2009-11-25','Open','P2',98,20),('INC04623','com.theatlantic.Ronstring','2010-06-18','In Progress','P3',11,84),('INC04652','com.merriam-webster.Bitchip','2009-03-26','Closed','P1',32,62),('INC04729','gov.nps.Ventosanzap','2016-11-10','Closed','P2',31,67),('INC04778','com.baidu.Bitwolf','2013-07-25','Closed','P3',86,89),('INC05009','com.imdb.Konklab','2007-07-21','Closed','P2',73,1),('INC05182','com.microsoft.Bitwolf','2006-12-11','In Progress','P2',77,86),('INC05350','com.domainmarket.Stringtough','2000-06-20','In Progress','P2',45,72),('INC05463','gov.dot.Biodex','2008-10-13','Closed','P2',90,52),('INC05663','com.shutterfly.Keylex','2020-04-02','Closed','P2',33,71),('INC05699','com.etsy.Biodex','2018-02-04','Closed','P2',4,30),('INC05979','com.tripod.Quo Lux','2002-01-19','In Progress','P2',76,87),('INC06075','gov.cdc.Toughjoyfax','2022-04-27','Closed','P2',51,45),('INC06192','com.bandcamp.Asoka','2003-07-12','In Progress','P2',44,9),('INC06275','com.scientificamerican.It','2019-08-23','Closed','P2',99,51),('INC06315','eu.europa.Zontrax','2000-03-16','Closed','P2',51,8),('INC06318','com.wired.Regrant','2009-02-08','Open','P2',88,4),('INC06349','com.accuweather.Zathin','2000-02-26','Closed','P1',60,65),('INC06425','com.disqus.Lotlux','2005-01-06','Closed','P2',35,4),('INC06443','edu.tamu.Latlux','2015-04-21','In Progress','P2',31,30),('INC06458','com.cloudflare.Trippledex','2005-03-06','Closed','P2',70,42),('INC06498','net.a8.Tampflex','2005-12-14','Closed','P3',30,48),('INC06511','gd.is.Aerified','2005-02-14','Open','P3',18,65),('INC06589','com.yahoo.Tres-Zap','2005-08-29','Closed','P2',25,63),('INC06692','edu.psu.Quo Lux','2014-10-24','Closed','P2',38,88),('INC06763','com.sogou.Zaam-Dox','2017-06-29','In Progress','P2',97,2),('INC07020','com.cloudflare.Fintone','2013-02-23','Closed','P2',53,42),('INC07123','edu.utexas.Namfix','2005-06-11','In Progress','P2',24,35),('INC07315','com.economist.Wrapsafe','2005-08-03','In Progress','P2',23,66),('INC07451','com.sun.Bamity','2008-02-05','Closed','P3',9,47),('INC07456','hk.com.google.Lotstring','2009-02-07','In Progress','P3',12,83),('INC07481','org.joomla.Duobam','2005-08-11','Closed','P2',92,78),('INC07485','au.gov.oaic.Aerified','2009-02-28','Open','P2',74,29),('INC07528','edu.psu.Tin','2020-07-04','In Progress','P2',41,3),('INC07646','com.artisteer.Domainer','2007-07-12','Closed','P2',43,56),('INC07719','com.webnode.Quo Lux','2018-10-25','Open','P1',43,48),('INC07771','de.google.Konklux','2004-10-02','In Progress','P1',27,96),('INC08210','ru.rambler.Otcom','2022-12-06','In Progress','P3',13,87),('INC08237','com.xrea.Stim','2022-06-23','Closed','P3',9,17),('INC08296','com.businessinsider.Flexidy','2004-01-26','In Progress','P2',79,24),('INC08497','com.hp.Wrapsafe','2021-11-11','Closed','P1',80,42),('INC08500','com.rediff.Daltfresh','2000-10-27','In Progress','P2',20,19),('INC08567','net.seesaa.Namfix','2021-05-12','In Progress','P1',45,50),('INC08596','com.imgur.Hatity','2012-03-15','Open','P1',29,60),('INC08653','com.networksolutions.Transcof','2014-11-17','Closed','P2',14,51),('INC08678','com.eventbrite.Voyatouch','2003-10-08','In Progress','P1',14,35),('INC08982','com.xing.Overhold','2004-06-19','In Progress','P3',53,45),('INC09052','com.weather.Flowdesk','2002-09-17','In Progress','P2',62,76),('INC09295','com.bluehost.Viva','2018-10-09','In Progress','P1',83,96),('INC09407','com.moonfruit.Andalax','2006-03-29','In Progress','P2',37,11),('INC09688','com.hugedomains.Trippledex','2017-05-30','In Progress','P1',82,68),('INC09751','cz.phoca.Vagram','2021-08-31','In Progress','P2',55,74),('INC09763','uk.nhs.Sonsing','2005-07-28','Closed','P1',11,8),('INC09867','jp.geocities.Zaam-Dox','2008-07-18','Closed','P1',48,62),('INC10045','com.disqus.Sub-Ex','2019-03-22','Closed','P2',19,58),('INC10122','edu.virginia.Hatity','2002-11-29','Closed','P1',18,13),('INC10422','io.soup.Greenlam','2013-09-04','Closed','P2',69,43),('INC10871','org.drupal.Fix San','2000-02-11','In Progress','P3',60,29),('INC11023','edu.ucla.Greenlam','2021-05-01','Open','P2',100,72),('INC11029','com.nydailynews.Bytecard','2006-08-12','Open','P2',50,55),('INC11108','gov.ca.Redhold','2013-05-15','In Progress','P2',57,65),('INC11166','com.surveymonkey.Stronghold','2000-05-09','In Progress','P3',84,38),('INC11207','com.squidoo.Holdlamis','2004-11-18','Closed','P1',45,94),('INC11361','com.list-manage.Voyatouch','2011-12-06','Closed','P2',87,28),('INC11380','com.over-blog.Holdlamis','2019-12-03','Closed','P2',3,98),('INC11432','com.hostgator.Trippledex','2008-12-11','In Progress','P3',38,95),('INC11449','com.multiply.Opela','2005-01-07','Closed','P3',68,90),('INC11490','jp.co.infoseek.Home Ing','2020-09-13','Open','P1',37,64),('INC11508','com.instagram.Subin','2020-04-17','Open','P1',54,99),('INC11517','com.dailymotion.Stronghold','2022-01-12','Closed','P2',82,81),('INC11880','com.tumblr.Stronghold','2012-10-30','In Progress','P3',24,36),('INC11896','ru.liveinternet.Duobam','2006-07-27','Closed','P3',19,90),('INC11922','com.eventbrite.Voyatouch','2017-03-06','In Progress','P3',74,78),('INC11943','com.cloudflare.Transcof','2001-10-09','Closed','P2',61,56),('INC11981','net.themeforest.Home Ing','2002-11-13','Open','P2',76,25),('INC11985','jp.japanpost.Tempsoft','2013-12-24','In Progress','P1',64,8),('INC12014','com.webmd.Fix San','2005-11-12','In Progress','P2',3,13),('INC12131','uk.co.independent.Y-Solowarm','2022-04-11','In Progress','P2',87,31),('INC12198','nl.google.Greenlam','2001-10-28','Open','P2',69,63),('INC12220','gov.usa.Redhold','2012-09-23','Closed','P2',69,48),('INC12225','net.cpanel.Solarbreeze','2005-04-14','In Progress','P3',46,76),('INC12236','com.flickr.Y-find','2014-06-14','In Progress','P3',25,34),('INC12325','com.businesswire.Voltsillam','2012-07-23','Open','P2',19,94),('INC12589','uk.co.guardian.Alphazap','2021-05-13','In Progress','P2',55,17),('INC12694','com.storify.Prodder','2000-07-04','In Progress','P1',39,49),('INC12744','com.bandcamp.Andalax','2022-08-25','In Progress','P2',3,62),('INC12829','com.hibu.Ventosanzap','2008-01-29','In Progress','P2',96,83),('INC12948','org.mozilla.Job','2008-01-26','In Progress','P2',30,46),('INC12998','com.eepurl.Stronghold','2002-02-19','Open','P2',74,48),('INC13090','it.tuttocitta.It','2004-12-21','Closed','P3',9,79),('INC13406','com.cbsnews.Daltfresh','2003-09-11','Open','P2',35,87),('INC13614','it.google.Latlux','2004-04-26','Open','P2',18,30),('INC13886','com.theguardian.Flexidy','2008-12-19','Open','P2',20,38),('INC13899','de.google.Cardify','2012-04-16','In Progress','P3',43,25),('INC14030','com.webs.Voyatouch','2018-07-14','In Progress','P2',60,49),('INC14148','com.wiley.Solarbreeze','2014-05-13','In Progress','P1',74,98),('INC14255','com.storify.It','2008-03-26','In Progress','P2',52,22),('INC14256','com.devhub.Subin','2022-11-25','Closed','P2',3,1),('INC14417','com.imgur.Otcom','2003-03-28','In Progress','P2',93,90),('INC14476','com.bluehost.Quo Lux','2007-04-22','In Progress','P2',20,25),('INC14585','com.seattletimes.Bytecard','2020-09-09','Open','P2',28,89),('INC14698','edu.arizona.Matsoft','2008-04-05','Open','P2',61,43),('INC14832','gov.usda.Quo Lux','2002-01-24','In Progress','P2',2,73),('INC14840','com.twitter.Mat Lam Tam','2010-05-22','Closed','P2',60,63),('INC14851','com.cbsnews.Domainer','2003-10-30','In Progress','P1',38,79),('INC14872','com.etsy.Flowdesk','2003-01-14','In Progress','P2',55,23),('INC14994','la.51.Sonair','2007-06-07','Closed','P3',55,11),('INC15082','com.newyorker.Tres-Zap','2002-10-22','Closed','P1',55,8),('INC15136','com.feedburner.Duobam','2015-11-11','In Progress','P2',41,93),('INC15197','com.youku.Tampflex','2020-02-10','In Progress','P2',18,11),('INC15260','com.sun.Voltsillam','2011-03-26','In Progress','P2',45,66),('INC15341','com.youtube.Veribet','2014-04-18','In Progress','P2',8,80),('INC15418','cn.com.people.Sub-Ex','2010-11-13','Open','P1',39,10),('INC15506','gov.hhs.Sonsing','2003-02-28','In Progress','P2',79,12),('INC15710','uk.co.timesonline.Bamity','2022-04-12','In Progress','P2',90,11),('INC15827','com.wp.Bytecard','2004-11-11','Open','P2',87,51),('INC16020','com.howstuffworks.Flowdesk','2000-06-05','Closed','P2',62,61),('INC16207','org.wikimedia.Zaam-Dox','2016-11-29','Open','P2',58,95),('INC16265','com.hc360.Voyatouch','2006-03-08','Closed','P2',22,86),('INC16379','com.sciencedaily.Zaam-Dox','2016-09-17','Closed','P2',35,74),('INC16487','com.mac.Subin','2007-10-05','Closed','P2',11,48),('INC16556','jp.geocities.Voltsillam','2011-10-08','Open','P1',59,38),('INC16627','com.nymag.Overhold','2022-04-23','In Progress','P3',21,99),('INC16652','org.unesco.Transcof','2015-08-01','In Progress','P1',93,1),('INC16667','com.linkedin.Tres-Zap','2016-05-22','In Progress','P2',72,54),('INC16819','com.blogspot.Zoolab','2004-07-20','Closed','P1',3,81),('INC16879','cn.com.sina.Job','2020-03-18','Closed','P2',1,22),('INC16910','com.hao123.Transcof','2010-04-30','Closed','P3',72,54),('INC17056','com.marriott.Andalax','2005-05-17','In Progress','P2',52,88),('INC17097','com.theatlantic.Konklux','2002-12-30','In Progress','P2',17,28),('INC17224','gov.whitehouse.It','2012-12-08','In Progress','P2',24,87),('INC17339','com.nature.Job','2013-08-30','Closed','P2',63,71),('INC17357','uk.co.thetimes.Matsoft','2008-07-16','Closed','P2',91,62),('INC17454','org.simplemachines.Andalax','2008-02-17','In Progress','P2',53,24),('INC17477','com.quantcast.Aerified','2000-09-30','Closed','P2',98,62),('INC17505','hk.com.google.Flexidy','2010-02-05','Open','P2',64,25),('INC17519','es.google.Bitchip','2017-01-25','In Progress','P2',69,17),('INC17706','nl.google.Subin','2016-02-15','Closed','P3',66,92),('INC17913','com.surveymonkey.Sonair','2008-02-02','In Progress','P2',67,13),('INC18103','com.washingtonpost.It','2008-05-02','In Progress','P2',97,99),('INC18108','com.theguardian.Solarbreeze','2021-08-31','Closed','P1',2,29),('INC18291','au.gov.nsw.Domainer','2013-03-12','Closed','P1',90,13),('INC18777','org.craigslist.Zaam-Dox','2002-10-06','Closed','P1',36,63),('INC19200','com.woothemes.Fixflex','2006-12-26','In Progress','P1',2,82),('INC19454','com.acquirethisname.Holdlamis','2013-12-20','Open','P2',53,71),('INC19677','com.naver.Bytecard','2013-03-08','In Progress','P3',71,25),('INC19747','com.dedecms.Flexidy','2015-09-14','Closed','P2',91,35),('INC19875','com.prnewswire.Kanlam','2012-10-29','Closed','P2',23,86),('INC19900','com.cnbc.Konklab','2012-09-12','Closed','P3',47,51),('INC19978','com.weather.Greenlam','2021-06-27','In Progress','P2',3,64),('INC19984','com.elpais.Temp','2021-05-19','Open','P2',68,43),('INC20019','edu.uiuc.Tampflex','2016-08-31','Closed','P2',99,26),('INC20030','com.mozilla.Otcom','2013-06-19','Open','P2',7,76),('INC20123','net.comcast.Greenlam','2006-06-06','In Progress','P2',75,3),('INC20194','com.nbcnews.Cardify','2007-03-28','In Progress','P2',96,20),('INC20198','edu.illinois.Bamity','2015-02-16','Open','P2',36,41),('INC20396','com.dedecms.Flexidy','2004-02-14','Open','P1',5,74),('INC20506','uk.nhs.Domainer','2004-01-08','In Progress','P2',70,23),('INC20542','com.slate.Stronghold','2017-04-30','In Progress','P3',12,38),('INC20547','com.xrea.Voltsillam','2015-03-10','In Progress','P3',76,42),('INC20551','gov.irs.Voltsillam','2004-03-17','Closed','P1',55,60),('INC20692','com.discovery.Kanlam','2007-11-20','Closed','P1',57,62),('INC20707','com.sbwire.Zoolab','2009-02-19','In Progress','P3',4,41),('INC21061','uk.co.webeden.Domainer','2018-02-04','Closed','P3',49,74),('INC21067','com.marriott.Sonair','2005-10-02','In Progress','P2',61,34),('INC21148','com.studiopress.Alpha','2022-11-14','Closed','P2',88,90),('INC21227','com.vinaora.Tresom','2011-02-01','In Progress','P1',26,28),('INC21306','com.163.Ventosanzap','2004-01-28','Closed','P1',45,65),('INC21323','it.paginegialle.Pannier','2016-09-14','Closed','P1',57,42),('INC21538','cc.tiny.Duobam','2004-06-22','In Progress','P3',38,41),('INC21573','com.hao123.Zathin','2008-12-13','Closed','P2',98,28),('INC21635','com.histats.Toughjoyfax','2013-06-13','Closed','P3',32,74),('INC21759','com.booking.Pannier','2017-08-05','Open','P1',70,39),('INC21776','com.bloglovin.Tampflex','2014-09-01','Open','P2',4,84),('INC21778','com.oakley.Ronstring','2016-09-28','In Progress','P1',55,80),('INC21826','com.bloomberg.Y-find','2014-09-11','In Progress','P1',78,68),('INC21883','com.tripadvisor.Tres-Zap','2003-02-13','Open','P3',17,60),('INC22023','gov.usgs.Wrapsafe','2008-08-15','Closed','P1',58,18),('INC22073','net.cpanel.Namfix','2020-07-25','In Progress','P3',37,38),('INC22083','com.indiatimes.Vagram','2000-03-26','In Progress','P1',99,78),('INC22155','com.businessweek.Biodex','2009-10-19','In Progress','P2',96,93),('INC22205','com.newsvine.Span','2000-04-10','In Progress','P2',13,75),('INC22327','com.cnet.Wrapsafe','2000-09-02','Closed','P2',68,56),('INC22374','com.elpais.Biodex','2019-06-26','In Progress','P2',21,35),('INC22405','com.youku.Subin','2005-03-26','In Progress','P3',48,96),('INC22432','com.imdb.Temp','2012-03-17','Open','P2',63,55),('INC22496','com.spotify.Tresom','2001-07-06','In Progress','P2',58,50),('INC22674','com.zdnet.Mat Lam Tam','2018-12-10','Closed','P1',77,41),('INC22685','gov.hhs.Zoolab','2015-05-04','Open','P3',15,40),('INC22760','com.moonfruit.Asoka','2004-09-28','In Progress','P1',19,100),('INC22763','cn.com.people.Pannier','2016-09-06','Open','P2',2,1),('INC22864','mil.army.Solarbreeze','2013-06-01','In Progress','P2',26,58),('INC22941','com.businessweek.Regrant','2005-05-07','Open','P2',37,44),('INC22950','com.typepad.Y-Solowarm','2014-05-26','Closed','P1',14,59),('INC22976','com.mtv.Tresom','2003-05-30','Open','P2',30,80),('INC23089','jp.ne.goo.Fixflex','2012-03-09','Closed','P2',96,72),('INC23152','jp.ne.so-net.Sonsing','2009-03-21','In Progress','P2',4,64),('INC23186','com.mediafire.Zoolab','2020-01-17','Closed','P2',58,73),('INC23349','com.meetup.Voyatouch','2008-06-22','In Progress','P2',29,52),('INC23424','org.prlog.Tres-Zap','2013-09-05','In Progress','P1',81,18),('INC23687','edu.illinois.Flowdesk','2007-11-02','Closed','P2',72,32),('INC23799','uk.co.webeden.Andalax','2002-01-12','Closed','P3',88,71),('INC23858','fr.google.Matsoft','2021-10-06','In Progress','P2',82,50),('INC23940','com.mayoclinic.Sub-Ex','2016-05-29','In Progress','P3',89,18),('INC23996','cn.com.people.Tin','2020-07-26','In Progress','P2',24,46),('INC24018','com.ibm.Fix San','2020-10-16','Closed','P2',69,9),('INC24034','org.gmpg.Wrapsafe','2001-02-14','In Progress','P1',49,24),('INC24260','com.mashable.Zathin','2019-08-17','In Progress','P2',36,92),('INC24436','fm.last.Treeflex','2013-11-30','Open','P1',97,39),('INC24571','uk.co.timesonline.Stringtough','2017-01-12','In Progress','P3',59,40),('INC24616','gl.goo.Cookley','2003-01-24','In Progress','P1',26,27),('INC24952','gov.nasa.Holdlamis','2007-09-21','In Progress','P2',65,53),('INC24962','com.lulu.Gembucket','2017-07-10','Closed','P2',42,66),('INC24984','net.a8.Vagram','2010-05-16','In Progress','P2',75,66),('INC25355','com.nydailynews.Span','2008-05-31','In Progress','P2',51,62),('INC25532','us.imageshack.Cookley','2009-07-03','Closed','P2',72,39),('INC25701','gov.cdc.Namfix','2004-07-14','In Progress','P1',24,43),('INC25899','com.freewebs.Bitwolf','2017-08-02','Closed','P2',59,7),('INC26042','com.indiatimes.Tin','2019-09-10','Closed','P1',4,84),('INC26119','com.example.Cookley','2019-05-22','In Progress','P2',8,51),('INC26151','com.chronoengine.Trippledex','2021-02-05','In Progress','P3',73,78),('INC26223','com.weibo.Bitwolf','2005-05-28','In Progress','P1',19,31),('INC26270','com.wikia.Sonair','2010-07-10','Closed','P2',58,29),('INC26292','com.tinyurl.Bitchip','2007-02-25','Closed','P2',97,35),('INC26322','edu.princeton.Voyatouch','2002-04-05','In Progress','P2',9,15),('INC26347','cn.com.china.Biodex','2010-09-22','Closed','P2',36,93),('INC26408','org.joomla.Holdlamis','2020-07-06','Closed','P2',28,91),('INC26414','au.gov.privacy.Job','2006-11-22','In Progress','P2',22,95),('INC26589','jp.ne.biglobe.Sub-Ex','2017-04-19','Closed','P2',16,4),('INC26610','gov.census.Prodder','2009-05-01','In Progress','P2',33,57),('INC26766','fr.free.Keylex','2021-12-06','Open','P2',52,100),('INC26845','uk.co.123-reg.Andalax','2003-01-17','In Progress','P2',91,87),('INC27704','com.patch.Viva','2017-04-09','Open','P2',63,31),('INC27743','com.weather.Veribet','2011-08-07','Open','P1',44,100),('INC28061','com.cdbaby.Voyatouch','2005-05-29','Open','P2',30,40),('INC28164','com.lycos.Latlux','2018-08-09','Closed','P2',57,31),('INC28238','com.apple.Redhold','2012-06-18','In Progress','P2',99,14),('INC28298','gov.hud.Matsoft','2021-01-23','Closed','P3',39,70),('INC28362','jp.jugem.Fintone','2014-07-27','In Progress','P3',49,16),('INC28407','com.amazonaws.Vagram','2013-12-09','In Progress','P1',19,15),('INC28427','com.examiner.Trippledex','2003-06-06','Closed','P2',5,87),('INC28527','com.usatoday.Bitchip','2009-01-19','Closed','P1',71,46),('INC28638','mil.army.Flexidy','2009-01-17','In Progress','P1',73,86),('INC28800','com.sfgate.Wrapsafe','2013-09-24','In Progress','P2',95,97),('INC28999','au.gov.privacy.Fintone','2013-03-24','In Progress','P2',64,93),('INC29007','com.cnet.Wrapsafe','2005-09-30','Open','P1',29,25),('INC29045','com.ning.Cardify','2021-03-27','Closed','P1',98,20),('INC29302','au.gov.privacy.Regrant','2016-07-19','In Progress','P1',73,21),('INC29450','com.friendfeed.Keylex','2009-01-23','In Progress','P2',37,62),('INC29528','com.blog.Holdlamis','2014-11-29','Closed','P2',85,16),('INC29547','com.blogger.Zaam-Dox','2011-12-18','Closed','P2',12,61),('INC29558','com.squidoo.Sonsing','2014-04-17','Closed','P1',97,56),('INC29663','com.feedburner.Treeflex','2010-07-21','Closed','P2',13,66),('INC29718','com.wired.Regrant','2021-08-24','In Progress','P2',32,87),('INC29765','com.over-blog.Cardify','2013-05-19','In Progress','P1',37,15),('INC29811','org.drupal.Veribet','2022-10-10','Closed','P3',53,73),('INC29877','com.tripod.Kanlam','2010-01-25','Closed','P3',15,51),('INC29896','com.technorati.Biodex','2017-08-08','In Progress','P2',56,58),('INC29901','com.soundcloud.Regrant','2003-06-22','In Progress','P1',8,78),('INC30180','com.vistaprint.Otcom','2006-10-17','In Progress','P2',58,14),('INC30228','com.tripod.Kanlam','2010-12-12','In Progress','P2',36,21),('INC30279','net.comcast.Konklux','2017-10-12','In Progress','P2',6,82),('INC30332','com.ibm.Matsoft','2014-10-26','Closed','P2',92,24),('INC30666','jp.ne.sakura.Kanlam','2001-07-16','Closed','P3',80,43),('INC30773','com.spotify.Opela','2002-07-22','Closed','P1',17,96),('INC31195','jp.exblog.Subin','2017-05-06','In Progress','P3',64,84),('INC31257','com.yellowbook.Bamity','2011-08-15','Open','P3',76,100),('INC31357','edu.virginia.Aerified','2017-05-08','Open','P2',84,22),('INC31374','com.webs.Zamit','2018-03-21','Open','P2',73,83),('INC31476','gov.usda.Matsoft','2000-10-02','Closed','P2',100,85),('INC31553','com.jigsy.Konklux','2000-03-22','In Progress','P2',96,30),('INC31595','com.ask.Bitwolf','2017-07-19','Closed','P2',35,17),('INC31749','com.gizmodo.Lotlux','2011-11-18','Closed','P2',71,59),('INC31843','com.networksolutions.Transcof','2018-05-14','Closed','P2',41,45),('INC31864','com.netlog.Mat Lam Tam','2014-02-05','In Progress','P2',82,61),('INC31983','io.pen.It','2012-06-11','Closed','P2',63,24),('INC32141','edu.si.Toughjoyfax','2004-02-25','In Progress','P2',21,44),('INC32186','com.weibo.Y-find','2006-09-09','In Progress','P2',47,29),('INC32361','com.yolasite.Asoka','2004-06-03','In Progress','P2',58,88),('INC32457','org.dyndns.Konklab','2019-04-02','In Progress','P2',40,18),('INC32611','ru.rambler.Zamit','2021-09-07','In Progress','P2',88,28),('INC32725','com.businessinsider.Y-find','2007-10-08','In Progress','P2',1,51),('INC32735','com.springer.Zaam-Dox','2001-02-09','Open','P1',14,99),('INC32756','com.weebly.Y-Solowarm','2022-08-01','In Progress','P2',65,55),('INC32992','gov.usgs.Voyatouch','2017-10-17','Closed','P2',43,80),('INC33055','com.taobao.Lotlux','2021-06-08','In Progress','P2',54,25),('INC33233','com.slate.Tampflex','2010-11-09','In Progress','P2',26,36),('INC33239','edu.virginia.Otcom','2019-01-07','In Progress','P2',46,34),('INC33302','com.squarespace.Bitwolf','2006-11-20','In Progress','P2',72,77),('INC33385','com.huffingtonpost.Daltfresh','2004-01-21','Closed','P2',49,52),('INC33398','au.gov.oaic.Fix San','2005-03-01','Closed','P2',22,31),('INC33426','com.stumbleupon.Bitwolf','2010-11-06','In Progress','P2',9,98),('INC33427','com.cdbaby.Sonsing','2018-09-10','In Progress','P2',11,98),('INC33486','org.archive.Andalax','2021-06-11','In Progress','P2',78,66),('INC33649','com.friendfeed.Otcom','2009-11-28','Closed','P2',98,30),('INC33684','com.posterous.Pannier','2014-04-14','Open','P2',79,74),('INC33737','cn.com.people.Zathin','2016-10-13','Closed','P2',28,69),('INC33834','com.shutterfly.Stringtough','2021-05-23','In Progress','P1',6,8),('INC33864','com.nationalgeographic.Duobam','2014-03-26','In Progress','P2',70,55),('INC34059','edu.uiuc.Bitwolf','2009-06-04','In Progress','P2',83,94),('INC34247','com.typepad.Bitchip','2006-07-30','In Progress','P2',9,16),('INC34352','edu.berkeley.Flexidy','2010-02-28','Closed','P2',2,5),('INC34367','net.behance.Tempsoft','2017-04-17','In Progress','P2',44,53),('INC34458','edu.ucsd.Y-find','2022-02-26','In Progress','P1',74,13),('INC34811','com.elpais.Quo Lux','2018-03-29','Open','P2',85,2),('INC34875','com.boston.Ventosanzap','2006-09-06','In Progress','P2',65,10),('INC35077','com.pcworld.Overhold','2011-06-09','Open','P2',38,79),('INC35081','com.nbcnews.Holdlamis','2014-01-26','Open','P3',91,46),('INC35092','com.microsoft.Bytecard','2014-06-04','Closed','P2',29,92),('INC35195','com.tmall.Vagram','2018-05-31','Closed','P2',3,4),('INC35197','cz.phoca.Tresom','2005-10-15','In Progress','P2',68,67),('INC35253','com.examiner.Solarbreeze','2012-04-09','Closed','P3',92,79),('INC35276','com.mac.Trippledex','2005-03-23','Closed','P2',83,87),('INC35575','com.theglobeandmail.Bitwolf','2009-09-09','In Progress','P3',59,73),('INC35604','com.theglobeandmail.Flexidy','2007-12-16','In Progress','P1',21,68),('INC35666','org.unesco.Alpha','2020-02-04','In Progress','P2',67,100),('INC35718','com.rediff.Cardguard','2000-04-08','In Progress','P2',86,100),('INC35885','it.google.Trippledex','2015-12-07','Closed','P2',98,19),('INC35963','com.typepad.Namfix','2010-12-03','In Progress','P1',46,86),('INC36289','com.cocolog-nifty.Toughjoyfax','2021-07-19','Closed','P3',28,74),('INC36294','org.apache.Alphazap','2013-05-13','Closed','P2',77,78),('INC36424','com.sun.Temp','2006-03-03','Closed','P2',56,51),('INC36458','com.sbwire.Bitchip','2021-04-04','In Progress','P2',22,66),('INC36615','com.wix.Zontrax','2014-01-11','In Progress','P2',56,84),('INC36746','gov.nih.Span','2008-10-10','In Progress','P3',33,37),('INC36774','edu.columbia.Zontrax','2006-06-17','In Progress','P2',51,24),('INC36857','int.who.Andalax','2009-07-08','Open','P3',34,54),('INC36882','com.mtv.Job','2014-03-25','Open','P2',72,36),('INC36893','com.reference.Tampflex','2012-02-19','Open','P2',71,11),('INC37026','com.twitter.Zaam-Dox','2022-03-20','Open','P2',42,34),('INC37174','com.sphinn.Pannier','2001-05-02','Open','P2',27,17),('INC37176','com.barnesandnoble.Quo Lux','2005-11-05','In Progress','P2',91,23),('INC37416','com.posterous.Tresom','2016-12-25','Closed','P2',79,84),('INC37530','com.histats.Prodder','2017-12-27','In Progress','P1',12,34),('INC37640','com.foxnews.Viva','2014-10-29','In Progress','P2',50,51),('INC37734','com.vinaora.Konklux','2010-02-07','Closed','P2',25,66),('INC37824','com.friendfeed.Pannier','2015-07-21','In Progress','P2',70,46),('INC37856','edu.umn.Holdlamis','2020-09-07','Open','P3',75,30),('INC37967','gov.nih.Transcof','2013-01-28','In Progress','P3',21,22),('INC38133','au.gov.privacy.Konklab','2011-03-24','Closed','P3',89,89),('INC38186','jp.co.yahoo.Flowdesk','2021-12-01','Closed','P3',58,49),('INC38204','vu.de.Temp','2001-01-14','In Progress','P2',74,58),('INC38222','com.vk.Cardify','2008-01-30','In Progress','P2',45,72),('INC38277','ru.odnoklassniki.Voltsillam','2014-03-08','In Progress','P3',94,19),('INC38369','me.flavors.Transcof','2012-10-25','In Progress','P2',92,78),('INC38427','edu.ucla.Tampflex','2011-01-03','In Progress','P2',60,80),('INC38440','jp.i2i.Quo Lux','2009-11-24','In Progress','P2',15,5),('INC38463','fr.free.Tempsoft','2019-03-12','In Progress','P2',18,17),('INC38509','uk.co.ebay.Vagram','2006-09-27','Closed','P2',91,4),('INC38539','jp.shop-pro.Zontrax','2000-03-27','Open','P2',86,52),('INC38586','us.imageshack.Fixflex','2021-04-26','Closed','P2',39,48),('INC38595','com.goodreads.Lotlux','2002-04-22','In Progress','P3',99,79),('INC38717','com.yellowbook.Matsoft','2014-12-27','Closed','P2',75,8),('INC38820','edu.yale.Subin','2017-10-10','Closed','P3',80,94),('INC38905','com.nationalgeographic.Prodder','2009-10-04','In Progress','P3',21,15),('INC38941','com.sciencedirect.Overhold','2001-06-04','Open','P2',80,72),('INC39134','com.live.Redhold','2002-02-12','In Progress','P2',36,45),('INC39221','edu.cmu.Kanlam','2019-05-17','In Progress','P2',10,23),('INC39269','com.chron.Transcof','2020-04-12','In Progress','P2',66,49),('INC39289','com.vinaora.Treeflex','2001-10-29','In Progress','P2',22,12),('INC39290','com.soundcloud.Overhold','2003-07-12','Closed','P2',71,100),('INC39311','mil.army.Gembucket','2004-02-19','Closed','P1',47,94),('INC39488','com.ask.Kanlam','2015-01-18','Open','P1',44,11),('INC39566','org.wikipedia.Kanlam','2010-01-18','Closed','P1',30,1),('INC39590','mil.army.Toughjoyfax','2010-08-12','Open','P2',18,45),('INC39617','ru.ucoz.Cardguard','2006-05-03','Closed','P1',46,61),('INC39639','net.jalbum.Stronghold','2003-03-23','In Progress','P1',22,30),('INC39738','cn.google.Toughjoyfax','2006-04-23','In Progress','P3',91,28),('INC39851','com.cloudflare.Pannier','2001-04-24','Closed','P3',82,94),('INC40367','com.ifeng.Hatity','2016-06-05','In Progress','P1',25,1),('INC40370','com.cdbaby.Vagram','2014-01-10','Open','P2',37,26),('INC40535','com.tinypic.Biodex','2016-04-11','Closed','P2',65,2),('INC40713','ca.google.Transcof','2022-09-23','Closed','P2',64,86),('INC40765','com.live.Greenlam','2007-01-07','Open','P2',59,24),('INC40796','com.slate.Solarbreeze','2018-01-19','Closed','P1',50,42),('INC40870','com.comsenz.Voyatouch','2009-07-06','Closed','P1',1,27),('INC41007','jp.japanpost.Viva','2009-06-11','Closed','P2',15,69),('INC41129','com.sphinn.Gembucket','2009-05-25','Open','P2',28,68),('INC41544','jp.ne.so-net.Namfix','2007-04-07','Closed','P2',98,46),('INC41589','com.usatoday.Kanlam','2021-01-23','In Progress','P2',43,92),('INC41601','com.baidu.Sonsing','2011-09-04','In Progress','P3',3,37),('INC41753','com.typepad.Alphazap','2005-08-30','In Progress','P2',29,15),('INC41793','com.elpais.Alpha','2004-11-06','Closed','P3',53,46),('INC42081','com.businessweek.Matsoft','2012-04-21','In Progress','P2',87,42),('INC42333','com.walmart.Tin','2012-07-22','In Progress','P2',32,62),('INC42434','net.themeforest.Tempsoft','2021-09-09','Closed','P2',94,19),('INC42715','com.bloglines.Andalax','2008-05-27','Closed','P2',71,49),('INC42797','com.mac.Keylex','2003-11-15','In Progress','P2',82,40),('INC42801','com.prweb.Kanlam','2001-01-08','In Progress','P2',65,52),('INC43062','com.sbwire.Vagram','2014-08-03','In Progress','P1',79,33),('INC43301','com.nydailynews.Vagram','2005-06-12','Open','P2',82,23),('INC43334','uk.co.independent.Lotstring','2021-08-12','In Progress','P2',75,88),('INC43479','com.linkedin.Regrant','2008-12-09','Closed','P3',7,73),('INC43645','com.feedburner.Alphazap','2017-03-23','Closed','P1',72,75),('INC43682','edu.umich.Stronghold','2009-01-04','Closed','P2',49,67),('INC43721','com.dailymotion.Zamit','2009-05-20','In Progress','P2',71,92),('INC43733','com.artisteer.Lotstring','2021-02-11','In Progress','P2',42,24),('INC43949','uk.co.ebay.Toughjoyfax','2016-07-11','In Progress','P2',82,83),('INC43987','com.acquirethisname.Zontrax','2015-08-27','In Progress','P3',99,43),('INC44003','gov.nps.Latlux','2018-01-29','In Progress','P2',45,44),('INC44015','com.salon.Temp','2014-02-03','In Progress','P2',34,11),('INC44055','jp.ne.so-net.Zamit','2014-03-16','In Progress','P2',73,23),('INC44258','com.addthis.Quo Lux','2021-07-16','In Progress','P2',66,71),('INC44284','com.constantcontact.Zaam-Dox','2006-06-14','Closed','P1',88,89),('INC44302','com.surveymonkey.Holdlamis','2009-09-29','In Progress','P2',8,28),('INC44362','com.ted.Y-find','2014-11-27','Closed','P3',21,80),('INC44455','com.typepad.Konklux','2011-07-06','Closed','P2',94,63),('INC44485','com.github.Y-find','2005-10-23','Open','P2',73,77),('INC44922','jp.shop-pro.Tampflex','2001-12-17','Closed','P2',67,28),('INC45046','net.a8.Flexidy','2013-11-30','Closed','P2',3,2),('INC45052','com.mtv.Zontrax','2009-05-01','Open','P2',94,24),('INC45102','com.howstuffworks.Rank','2017-11-08','In Progress','P3',78,51),('INC45130','com.zdnet.Sonair','2011-10-05','In Progress','P2',17,63),('INC45172','com.scientificamerican.Stringtough','2003-02-18','Closed','P2',82,34),('INC45187','com.livejournal.Hatity','2014-02-19','In Progress','P3',87,84),('INC45259','la.51.Overhold','2005-02-23','Closed','P2',14,12),('INC45274','edu.illinois.Konklab','2020-07-20','In Progress','P3',90,81),('INC45479','jp.japanpost.Gembucket','2005-08-19','In Progress','P1',32,27),('INC45592','co.g.Subin','2003-04-24','Open','P2',42,26),('INC45606','com.indiatimes.Solarbreeze','2017-06-30','Open','P3',6,39),('INC45742','com.cbsnews.Ronstring','2016-07-10','Closed','P2',68,98),('INC46161','net.clickbank.Fintone','2011-08-04','Closed','P3',64,2),('INC46162','com.oakley.Fix San','2017-07-13','In Progress','P2',99,40),('INC46201','com.freewebs.Transcof','2015-07-16','Closed','P2',6,63),('INC46379','com.cyberchimps.Stringtough','2006-08-09','Open','P2',25,34),('INC46579','com.boston.Flowdesk','2007-07-27','Closed','P2',74,49),('INC46679','com.nytimes.Hatity','2018-01-25','In Progress','P2',6,41),('INC46895','com.sitemeter.Biodex','2005-06-05','In Progress','P2',35,52),('INC47189','gov.nasa.Transcof','2001-07-08','Open','P1',70,19),('INC47192','com.walmart.Lotlux','2018-08-21','Open','P2',80,17),('INC47346','org.opensource.Biodex','2009-09-27','Open','P2',74,49),('INC47495','com.youtube.Temp','2009-05-29','In Progress','P3',31,56),('INC47539','me.flavors.Cardify','2003-11-18','Open','P1',96,84),('INC47597','net.a8.Sub-Ex','2019-07-03','Closed','P2',70,10),('INC47618','jp.geocities.Span','2015-02-14','In Progress','P2',69,37),('INC47633','com.wikia.Biodex','2007-01-07','In Progress','P2',59,55),('INC47693','com.indiatimes.Mat Lam Tam','2015-01-18','In Progress','P2',98,70),('INC47819','edu.umich.Lotstring','2003-06-05','Closed','P2',43,21),('INC47975','edu.washington.Tin','2004-10-11','In Progress','P3',1,35),('INC48012','jp.ameblo.Greenlam','2022-09-24','In Progress','P2',60,46),('INC48039','jp.co.amazon.Fintone','2016-10-11','Closed','P2',23,61),('INC48042','com.moonfruit.Rank','2006-12-15','Closed','P3',17,83),('INC48064','com.smugmug.Cookley','2022-08-01','Closed','P2',34,55),('INC48065','com.addtoany.Zoolab','2020-12-09','Closed','P1',47,17),('INC48249','com.wix.Lotlux','2000-10-20','Open','P2',27,93),('INC48418','fr.free.Home Ing','2006-03-26','In Progress','P2',66,17),('INC48546','com.sciencedaily.Gembucket','2001-04-23','In Progress','P1',83,92),('INC48700','com.blogspot.Cardify','2001-10-11','Closed','P3',77,43),('INC48816','edu.umich.Namfix','2011-10-19','In Progress','P2',61,79),('INC49120','edu.cornell.Stronghold','2016-02-03','In Progress','P2',20,12),('INC49137','com.com.Flexidy','2012-04-10','In Progress','P1',13,11),('INC49162','com.marketwatch.Bigtax','2000-09-16','In Progress','P2',71,28),('INC49288','cz.phoca.Otcom','2007-01-20','Open','P2',16,22),('INC49350','net.discuz.Kanlam','2011-12-18','In Progress','P3',98,16),('INC49419','gov.dot.Zontrax','2001-12-21','In Progress','P2',77,83),('INC49587','tv.ustream.Opela','2011-02-09','Closed','P2',47,91),('INC49632','ru.liveinternet.Fix San','2015-03-09','Closed','P3',93,56),('INC49857','com.huffingtonpost.Stronghold','2005-01-09','In Progress','P2',82,51),('INC49948','net.themeforest.Quo Lux','2007-12-10','In Progress','P3',63,90),('INC49989','com.angelfire.Redhold','2006-11-24','In Progress','P1',31,70),('INC50170','com.springer.Tres-Zap','2005-04-30','Closed','P3',22,31),('INC50240','com.sciencedaily.Fixflex','2002-03-19','Closed','P2',72,98),('INC50242','edu.nyu.Ronstring','2016-04-09','In Progress','P3',9,68),('INC50276','com.pinterest.Quo Lux','2019-01-28','Closed','P2',2,40),('INC50299','com.yahoo.Treeflex','2002-07-27','Closed','P2',54,89),('INC50429','com.webs.Sub-Ex','2012-01-06','Closed','P2',79,19),('INC50534','org.redcross.Konklab','2008-05-12','In Progress','P2',5,74),('INC50576','com.wunderground.Toughjoyfax','2016-11-25','In Progress','P2',62,2),('INC50611','com.bloglines.Wrapsafe','2010-05-04','Open','P2',81,88),('INC50633','com.163.Stim','2007-10-20','In Progress','P1',96,71),('INC50693','cz.mapy.Veribet','2002-10-29','In Progress','P2',3,19),('INC50777','org.networkadvertising.Quo Lux','2010-02-24','Open','P2',61,39),('INC50834','com.about.Konklab','2019-02-05','In Progress','P2',60,39),('INC51111','com.nytimes.Regrant','2013-11-15','Open','P2',49,23),('INC51258','net.seesaa.Cardguard','2020-09-08','In Progress','P2',92,70),('INC51337','com.netscape.Lotlux','2022-11-30','In Progress','P1',36,89),('INC51403','jp.ne.biglobe.Transcof','2021-07-24','Open','P2',7,48),('INC51519','com.engadget.Wrapsafe','2015-05-16','In Progress','P2',22,62),('INC51604','ca.cbc.It','2013-11-17','In Progress','P2',59,11),('INC51747','uk.co.bbc.Overhold','2002-08-04','In Progress','P3',59,85),('INC51842','com.dailymotion.Span','2009-07-04','In Progress','P2',5,16),('INC51927','com.acquirethisname.Ronstring','2006-03-22','Closed','P2',78,42),('INC51956','com.alexa.Cardguard','2003-09-15','In Progress','P2',22,11),('INC52009','com.skype.Namfix','2000-10-19','In Progress','P1',37,7),('INC52199','com.indiatimes.Pannier','2000-03-04','Closed','P2',65,16),('INC52224','com.ning.Solarbreeze','2016-02-07','Open','P2',3,98),('INC52259','us.imageshack.Bamity','2010-02-12','In Progress','P2',45,55),('INC52441','com.yellowbook.Aerified','2007-11-02','Open','P1',11,68),('INC52726','info.aboutads.Fix San','2016-01-21','Open','P1',75,35),('INC52749','uk.gov.It','2003-05-15','Closed','P2',63,47),('INC52766','com.jiathis.Gembucket','2017-05-21','In Progress','P3',38,58),('INC52873','com.apple.Stronghold','2018-03-06','Closed','P3',76,8),('INC52883','au.com.smh.Namfix','2002-12-20','Closed','P2',57,1),('INC52925','de.e-recht24.Prodder','2014-02-27','Closed','P3',46,59),('INC53272','com.lulu.Lotlux','2014-11-19','Closed','P1',38,86),('INC53349','com.cisco.Solarbreeze','2000-01-18','In Progress','P2',61,65),('INC53438','com.nature.Cardguard','2017-02-12','Closed','P2',86,67),('INC53572','com.mediafire.Transcof','2015-07-24','In Progress','P3',17,62),('INC53775','com.marriott.Ronstring','2018-05-19','Open','P2',63,69),('INC53800','info.aboutads.Y-find','2003-10-11','In Progress','P2',95,74),('INC53806','com.wordpress.Job','2015-11-05','In Progress','P2',77,96),('INC53818','uk.co.ebay.Bitwolf','2011-10-22','In Progress','P2',7,64),('INC53986','com.cafepress.Matsoft','2016-02-11','In Progress','P2',51,10),('INC54128','com.sogou.Hatity','2001-11-07','Closed','P2',3,77),('INC54222','com.symantec.Stim','2017-08-27','Open','P2',74,64),('INC54279','org.bbb.Sub-Ex','2010-06-29','Open','P2',27,43),('INC54437','com.163.Sonair','2005-10-31','In Progress','P2',49,41),('INC54488','com.salon.Veribet','2015-12-25','In Progress','P1',57,82),('INC54503','com.pcworld.Cardify','2004-07-07','Closed','P2',47,55),('INC54575','com.eepurl.Transcof','2018-05-19','In Progress','P3',58,29),('INC54592','com.amazon.Aerified','2009-10-20','Open','P3',33,8),('INC54782','com.shinystat.Mat Lam Tam','2004-04-04','Closed','P2',89,54),('INC54870','com.cocolog-nifty.Asoka','2003-08-25','In Progress','P1',54,62),('INC54995','net.php.Stim','2008-02-23','In Progress','P1',38,60),('INC55042','uk.co.dailymail.Latlux','2018-04-08','In Progress','P3',92,45),('INC55067','com.about.Otcom','2014-08-27','Open','P3',57,36),('INC55282','br.com.google.Solarbreeze','2020-05-27','In Progress','P2',28,59),('INC55330','net.comcast.Overhold','2011-09-23','In Progress','P2',64,57),('INC55383','net.cpanel.Transcof','2016-05-19','Closed','P2',73,99),('INC55424','me.about.Andalax','2017-10-28','In Progress','P1',71,4),('INC55847','edu.utexas.Cardguard','2010-11-06','Closed','P2',59,65),('INC55856','com.wufoo.Vagram','2020-12-01','Closed','P2',30,46),('INC55872','com.list-manage.Bamity','2016-10-17','In Progress','P2',97,67),('INC56206','com.yellowbook.Andalax','2002-08-20','Closed','P2',47,24),('INC56272','com.yahoo.Keylex','2005-11-06','In Progress','P2',3,94),('INC56384','com.phpbb.Gembucket','2014-02-13','Closed','P2',47,82),('INC56566','com.technorati.Namfix','2013-01-16','Closed','P1',16,2),('INC56582','com.springer.Otcom','2015-08-20','Closed','P2',34,47),('INC56587','us.tx.state.Zathin','2004-08-18','Closed','P3',67,65),('INC56846','com.eventbrite.Zathin','2020-11-14','Closed','P2',20,79),('INC56908','gov.nasa.Veribet','2019-09-10','Closed','P2',46,17),('INC56971','com.alibaba.Tresom','2014-06-15','Open','P2',74,3),('INC57720','uk.co.webeden.Otcom','2020-05-19','Closed','P2',10,49),('INC57721','gov.hud.Stronghold','2017-04-23','Open','P1',64,83),('INC57782','com.omniture.Home Ing','2001-03-27','In Progress','P2',94,53),('INC57857','com.instagram.Daltfresh','2007-01-27','In Progress','P2',60,25),('INC58082','net.cpanel.Subin','2006-01-03','Open','P2',32,56),('INC58128','com.rediff.Veribet','2017-07-21','In Progress','P1',3,26),('INC58157','gov.usa.Overhold','2006-10-26','Closed','P3',8,69),('INC58644','com.intel.Rank','2001-01-21','In Progress','P3',72,86),('INC58659','fm.last.Sonsing','2016-09-11','Open','P1',66,47),('INC58756','ru.yandex.Konklux','2021-12-20','Open','P2',83,60),('INC58931','com.nba.Transcof','2015-01-01','Open','P2',76,88),('INC58981','com.netvibes.Stronghold','2021-03-07','Open','P2',38,83),('INC59208','net.clickbank.Pannier','2019-10-19','In Progress','P2',33,34),('INC59298','com.wunderground.Mat Lam Tam','2003-05-07','In Progress','P3',83,21),('INC59319','fr.google.Matsoft','2004-09-10','In Progress','P2',95,60),('INC59322','com.instagram.Zontrax','2013-12-26','Closed','P2',70,77),('INC59362','com.mashable.Trippledex','2012-11-03','Closed','P2',63,88),('INC59499','com.tripod.Stronghold','2013-01-29','Open','P3',76,62),('INC59606','cn.gov.miitbeian.Stronghold','2014-01-21','In Progress','P2',86,73),('INC59658','au.com.smh.Sub-Ex','2018-02-03','In Progress','P2',44,2),('INC59738','edu.ucla.Trippledex','2011-05-23','Open','P2',6,77),('INC59816','com.dailymotion.Biodex','2011-06-24','Open','P2',78,81),('INC59881','de.spiegel.Hatity','2009-11-26','Open','P2',37,38),('INC59993','org.wikimedia.Aerified','2006-01-17','Closed','P3',60,79),('INC60054','com.technorati.Subin','2017-12-06','In Progress','P2',90,64),('INC60087','cn.gov.miitbeian.Lotstring','2007-10-27','In Progress','P2',95,38),('INC60128','com.wordpress.Gembucket','2007-03-26','Closed','P1',44,7),('INC60203','com.ft.Holdlamis','2001-03-13','In Progress','P2',87,33),('INC60525','com.mlb.Tresom','2015-01-06','In Progress','P3',75,42),('INC60719','edu.stanford.Quo Lux','2004-11-16','In Progress','P2',47,65),('INC60805','io.pen.Alphazap','2005-06-26','In Progress','P2',33,8),('INC60906','org.slashdot.Matsoft','2000-03-23','In Progress','P3',5,89),('INC60954','com.reference.Daltfresh','2006-03-09','Open','P2',37,54),('INC60960','com.skyrock.Holdlamis','2002-11-26','Closed','P2',86,82),('INC60989','jp.japanpost.Cardify','2009-05-13','In Progress','P2',69,43),('INC60990','net.cpanel.Wrapsafe','2018-10-29','In Progress','P3',23,44),('INC61025','com.bluehost.Otcom','2019-06-01','Closed','P3',82,40),('INC61144','com.blogs.Bytecard','2022-07-06','In Progress','P2',28,75),('INC61162','com.webnode.Lotlux','2001-07-07','In Progress','P3',21,60),('INC61206','com.hexun.Solarbreeze','2002-06-25','Open','P2',41,51),('INC61289','org.unicef.Home Ing','2011-07-17','In Progress','P1',86,100),('INC61300','com.meetup.Veribet','2000-02-17','Closed','P2',54,49),('INC61313','com.wiley.Otcom','2016-06-27','In Progress','P1',2,82),('INC61368','com.usatoday.Toughjoyfax','2015-07-27','Closed','P2',23,94),('INC61558','com.addthis.Cookley','2003-01-26','In Progress','P2',71,84),('INC61671','com.nature.Daltfresh','2015-12-30','Closed','P2',46,5),('INC61700','gov.usda.Sonair','2010-11-30','Open','P2',47,70),('INC61709','com.tmall.Regrant','2003-07-18','In Progress','P1',71,21),('INC61794','uk.co.guardian.Ventosanzap','2016-11-19','Open','P1',69,37),('INC61967','jp.ne.hatena.Vagram','2022-02-22','Closed','P2',27,42),('INC62090','com.reverbnation.Fix San','2007-10-03','In Progress','P2',62,61),('INC62116','com.skyrock.Toughjoyfax','2011-07-07','Closed','P2',59,51),('INC62178','com.netscape.Alphazap','2006-12-15','Open','P2',80,88),('INC62241','com.cargocollective.Sonsing','2017-09-15','Closed','P3',76,56),('INC62248','gd.is.Tres-Zap','2011-01-03','Open','P2',65,74),('INC62272','com.addtoany.Job','2014-02-25','Open','P3',15,8),('INC62300','com.nytimes.Sub-Ex','2000-07-14','In Progress','P2',61,12),('INC62403','org.drupal.Sub-Ex','2021-08-12','In Progress','P2',82,49),('INC62649','com.oracle.Fix San','2001-07-30','Open','P3',85,3),('INC62769','cn.desdev.Konklab','2020-12-30','In Progress','P2',81,20),('INC62890','gov.loc.Latlux','2010-04-18','In Progress','P2',52,14),('INC63159','com.disqus.Tresom','2001-02-22','In Progress','P1',56,24),('INC63354','edu.unc.Bitwolf','2020-10-16','In Progress','P2',95,44),('INC63497','com.nbcnews.Domainer','2013-02-18','In Progress','P3',89,36),('INC63523','net.earthlink.Trippledex','2010-08-26','In Progress','P3',71,13),('INC63559','com.sbwire.Cookley','2000-04-20','In Progress','P1',70,47),('INC63751','jp.co.yahoo.Treeflex','2005-10-28','Open','P2',87,83),('INC63864','com.wikia.Bitwolf','2000-05-19','In Progress','P1',25,9),('INC63890','com.ezinearticles.Rank','2008-10-31','In Progress','P3',90,23),('INC63925','com.delicious.Tresom','2021-06-25','In Progress','P1',83,9),('INC63971','com.yelp.Sonair','2007-07-02','In Progress','P1',97,36),('INC63992','com.multiply.Domainer','2004-03-26','In Progress','P2',12,48),('INC64237','com.examiner.Konklux','2017-04-08','Closed','P1',28,16),('INC64371','com.ifeng.Zaam-Dox','2019-10-14','In Progress','P1',78,98),('INC64471','com.ezinearticles.Ventosanzap','2016-09-24','In Progress','P3',5,84),('INC64550','org.prlog.Prodder','2013-07-02','Closed','P2',19,12),('INC64856','com.aol.Ronstring','2016-10-28','In Progress','P2',25,34),('INC64912','uk.co.dailymail.Matsoft','2012-06-19','Open','P1',12,29),('INC64940','jp.exblog.Bigtax','2022-03-05','Closed','P2',86,54),('INC64969','com.imgur.Aerified','2020-05-11','In Progress','P2',65,61),('INC65162','com.zdnet.Bitwolf','2004-03-18','In Progress','P2',96,45),('INC65303','com.fastcompany.Treeflex','2009-01-07','In Progress','P1',56,70),('INC65427','com.zdnet.Stringtough','2014-02-20','Closed','P2',44,51),('INC65542','us.imageshack.Namfix','2008-01-16','In Progress','P1',53,5),('INC65690','au.gov.oaic.It','2006-10-15','In Progress','P2',58,19),('INC65750','com.artisteer.Sonair','2015-10-05','In Progress','P2',95,98),('INC65766','com.omniture.Alphazap','2019-10-10','In Progress','P1',78,84),('INC65854','us.icio.Flowdesk','2016-12-03','Closed','P2',36,41),('INC65899','br.com.uol.Zamit','2006-01-14','Closed','P1',47,20),('INC66007','com.webs.Viva','2003-12-21','In Progress','P1',17,23),('INC66188','it.paginegialle.Temp','2019-02-09','In Progress','P2',50,42),('INC66234','gov.house.Konklab','2011-04-06','In Progress','P2',3,43),('INC66290','com.dedecms.Bytecard','2020-09-18','Open','P3',12,67),('INC66298','com.ebay.It','2014-12-16','In Progress','P2',62,73),('INC66320','au.gov.oaic.Bigtax','2015-12-08','Open','P1',100,90),('INC66404','com.hexun.Treeflex','2014-03-19','Open','P2',25,11),('INC66425','edu.illinois.Duobam','2005-08-10','In Progress','P3',38,97),('INC66513','jp.co.yahoo.Veribet','2009-09-05','In Progress','P2',77,10),('INC66623','com.hugedomains.Job','2012-02-07','Open','P2',22,90),('INC66641','com.netvibes.Cardify','2010-10-27','In Progress','P2',95,88),('INC66693','com.vimeo.Fixflex','2009-05-09','In Progress','P2',97,98),('INC66730','gd.is.Matsoft','2008-10-11','In Progress','P2',33,53),('INC66912','org.edublogs.Solarbreeze','2017-09-06','Open','P2',22,54),('INC66995','com.sphinn.Flowdesk','2015-07-13','Closed','P2',1,54),('INC67118','com.4shared.Span','2000-01-26','Open','P2',43,49),('INC67752','com.meetup.Fix San','2008-09-20','In Progress','P2',49,9),('INC67835','ru.rambler.Alphazap','2010-07-23','In Progress','P1',70,57),('INC67877','com.baidu.Hatity','2015-06-03','In Progress','P3',33,71),('INC68194','com.boston.Biodex','2011-11-23','In Progress','P2',67,28),('INC68329','com.dailymotion.Tempsoft','2016-05-11','Closed','P2',44,7),('INC68489','com.boston.Tempsoft','2000-05-30','Open','P2',27,68),('INC68665','jp.ne.so-net.Span','2004-03-09','Closed','P1',60,55),('INC68709','com.diigo.Tin','2000-11-23','In Progress','P1',94,89),('INC68805','io.pen.Sonsing','2020-12-31','In Progress','P1',5,98),('INC68891','com.jigsy.Fintone','2005-10-24','Open','P2',63,38),('INC69055','com.icq.Ronstring','2010-11-17','In Progress','P1',77,46),('INC69130','org.gmpg.Alphazap','2018-04-24','Closed','P2',33,51),('INC69166','com.vistaprint.Opela','2020-04-22','Closed','P2',15,53),('INC69251','org.simplemachines.Zontrax','2007-11-16','Open','P2',6,91),('INC69360','com.bing.Temp','2006-09-29','Open','P2',85,90),('INC69411','com.sogou.Job','2008-10-02','In Progress','P2',51,61),('INC69583','com.slate.Fintone','2013-09-29','Closed','P2',25,38),('INC69601','uk.co.webeden.Rank','2012-04-25','In Progress','P2',94,68),('INC69727','org.slashdot.Regrant','2006-07-25','In Progress','P2',67,34),('INC69729','com.kickstarter.Duobam','2002-07-26','In Progress','P3',20,25),('INC69799','org.archive.Asoka','2006-10-23','Closed','P2',60,75),('INC69811','com.bloglovin.Quo Lux','2004-04-28','In Progress','P2',67,17),('INC69906','jp.ne.ocn.Y-Solowarm','2000-03-26','In Progress','P3',49,34),('INC70004','gov.census.Toughjoyfax','2002-08-19','In Progress','P2',11,20),('INC70138','ru.odnoklassniki.Hatity','2005-08-05','In Progress','P2',80,83),('INC70154','com.yahoo.Andalax','2022-10-16','In Progress','P1',60,29),('INC70169','com.baidu.Trippledex','2014-10-13','In Progress','P2',92,50),('INC70308','org.gnu.Kanlam','2005-05-09','Closed','P2',45,18),('INC70338','com.hostgator.Fix San','2020-07-28','In Progress','P2',60,63),('INC70418','com.trellian.Lotstring','2015-10-06','Open','P2',64,65),('INC70455','net.slideshare.Latlux','2012-01-26','In Progress','P2',45,68),('INC70583','gov.cdc.Matsoft','2018-10-14','Closed','P3',73,75),('INC70643','com.economist.Quo Lux','2003-12-22','In Progress','P2',9,51),('INC70651','com.shinystat.Konklab','2006-03-18','In Progress','P2',97,92),('INC70695','com.cnet.Vagram','2013-11-01','In Progress','P2',47,52),('INC70899','ru.ucoz.Flowdesk','2009-08-03','Open','P2',14,20),('INC71176','com.cnet.Flexidy','2000-09-23','In Progress','P1',48,10),('INC71187','net.themeforest.Temp','2009-10-30','In Progress','P2',100,67),('INC71625','com.zdnet.Otcom','2014-02-18','In Progress','P3',86,85),('INC71831','gov.loc.Tin','2000-05-11','Open','P3',15,58),('INC71932','com.instagram.Wrapsafe','2021-03-20','In Progress','P2',7,98),('INC71970','au.gov.oaic.Tin','2006-02-16','Closed','P2',36,8),('INC71994','net.sourceforge.Pannier','2013-10-07','Closed','P2',76,2),('INC72042','ly.ow.Tampflex','2008-06-08','Open','P2',37,55),('INC72068','ru.vkontakte.Gembucket','2018-09-15','In Progress','P2',63,51),('INC72160','ru.google.Daltfresh','2021-03-11','In Progress','P1',91,74),('INC72206','com.tinyurl.Rank','2004-08-09','Open','P1',17,87),('INC72271','org.wordpress.Sub-Ex','2022-09-16','In Progress','P2',11,69),('INC72274','jp.co.amazon.Voyatouch','2012-01-12','Closed','P3',57,21),('INC72510','com.elpais.Greenlam','2021-08-31','In Progress','P2',27,77),('INC72566','com.1688.Y-Solowarm','2020-04-25','In Progress','P3',98,38),('INC72654','nl.google.Ventosanzap','2016-12-14','In Progress','P2',23,97),('INC72766','vu.de.Prodder','2004-01-22','In Progress','P3',1,61),('INC72841','fr.unblog.Daltfresh','2022-04-23','In Progress','P2',4,73),('INC72881','us.tx.state.Rank','2016-03-13','In Progress','P2',55,92),('INC72998','jp.ameblo.Tampflex','2006-06-10','Open','P1',89,12),('INC73163','com.hexun.Zoolab','2007-10-28','In Progress','P2',24,62),('INC73232','gov.fema.Opela','2017-09-13','In Progress','P2',66,41),('INC73251','com.cafepress.Mat Lam Tam','2005-12-12','In Progress','P3',20,11),('INC73294','au.org.auda.Keylex','2018-03-22','Closed','P3',62,52),('INC73302','com.patch.Wrapsafe','2012-12-11','In Progress','P2',48,74),('INC73362','com.trellian.Fix San','2001-06-13','Open','P1',70,60),('INC73444','jp.ne.goo.Hatity','2019-11-28','In Progress','P2',70,76),('INC73597','com.chronoengine.Stim','2000-09-11','In Progress','P3',1,96),('INC73692','com.skyrock.Lotstring','2003-06-11','In Progress','P3',63,83),('INC73747','it.google.Solarbreeze','2018-11-19','In Progress','P3',45,87),('INC73800','com.webs.Cookley','2019-10-06','Open','P2',34,20),('INC73841','com.shareasale.Y-Solowarm','2002-02-17','In Progress','P2',52,10),('INC73858','com.spotify.Toughjoyfax','2019-02-25','In Progress','P2',50,94),('INC73881','edu.berkeley.Tin','2021-11-24','In Progress','P2',99,6),('INC74033','com.reference.Greenlam','2007-02-13','In Progress','P2',1,54),('INC74595','jp.japanpost.Veribet','2005-10-29','In Progress','P2',61,78),('INC74809','com.nbcnews.Pannier','2014-01-28','Closed','P2',61,95),('INC74817','org.drupal.Tin','2004-10-28','Closed','P1',39,59),('INC75110','net.earthlink.Keylex','2004-12-26','In Progress','P2',16,82),('INC75140','com.rediff.Fintone','2022-12-11','Open','P2',59,8),('INC75236','tv.ustream.Voltsillam','2006-01-12','Closed','P2',90,17),('INC75343','com.blogtalkradio.Home Ing','2013-05-07','In Progress','P3',80,40),('INC75457','com.sphinn.Veribet','2004-03-03','Open','P2',92,88),('INC75542','edu.yale.Sub-Ex','2018-07-20','In Progress','P2',18,80),('INC75711','com.globo.Flowdesk','2000-06-21','In Progress','P1',76,23),('INC75714','org.simplemachines.Subin','2003-04-22','In Progress','P3',51,79),('INC75724','com.ask.Bytecard','2003-06-30','In Progress','P2',63,78),('INC75845','cc.tiny.Matsoft','2018-05-13','In Progress','P2',84,19),('INC75908','com.newsvine.Namfix','2010-02-23','In Progress','P2',36,94),('INC75934','uk.co.thetimes.Subin','2012-04-10','Open','P3',84,7),('INC76042','com.diigo.Fixflex','2006-10-08','Open','P2',24,15),('INC76269','com.networksolutions.Bitwolf','2022-08-04','Closed','P3',15,70),('INC76338','edu.umn.Alphazap','2013-05-14','In Progress','P2',63,81),('INC76375','com.mac.Duobam','2010-12-25','In Progress','P2',63,98),('INC76517','com.nba.Lotlux','2020-06-08','Closed','P2',14,52),('INC76579','au.gov.oaic.Ronstring','2019-04-18','In Progress','P2',62,25),('INC76676','com.phpbb.Bitwolf','2004-10-20','Closed','P3',50,15),('INC76697','gov.hud.Quo Lux','2014-07-18','Open','P2',14,23),('INC76947','edu.nyu.Domainer','2012-10-24','Closed','P2',44,14),('INC77056','com.huffingtonpost.Daltfresh','2016-05-28','Closed','P2',22,34),('INC77075','edu.virginia.Stronghold','2015-04-14','In Progress','P2',84,69),('INC77119','net.furl.Stim','2007-09-13','In Progress','P2',14,55),('INC77146','com.fc2.Hatity','2009-03-10','Closed','P3',76,23),('INC77258','org.gmpg.Zaam-Dox','2022-11-01','In Progress','P2',65,70),('INC77261','com.wikispaces.Mat Lam Tam','2005-09-06','Closed','P2',79,79),('INC77452','net.earthlink.Tresom','2006-05-17','In Progress','P2',4,31),('INC77472','com.cbslocal.Alpha','2017-11-23','In Progress','P2',91,42),('INC77599','com.jimdo.Sonsing','2009-11-21','In Progress','P2',75,10),('INC77688','com.theguardian.Namfix','2002-01-28','In Progress','P2',46,89),('INC77767','com.weebly.Job','2012-04-10','In Progress','P2',18,62),('INC78070','com.purevolume.Tres-Zap','2010-02-20','Closed','P1',67,12),('INC78105','edu.princeton.Cardguard','2000-09-21','Closed','P2',1,14),('INC78118','com.domainmarket.Sub-Ex','2015-03-10','Closed','P2',37,84),('INC78163','uk.co.independent.Overhold','2003-12-28','Open','P2',24,79),('INC78190','com.nymag.Trippledex','2012-02-02','In Progress','P2',22,85),('INC78283','com.yahoo.Otcom','2011-02-07','Open','P2',98,4),('INC78368','au.gov.nsw.Fix San','2007-12-30','Closed','P2',5,6),('INC78378','org.pbs.Lotlux','2012-07-20','In Progress','P1',82,91),('INC78456','gov.fda.Zontrax','2015-11-26','In Progress','P2',74,83),('INC78525','com.wired.Cardguard','2000-06-23','Closed','P2',2,40),('INC78545','com.hao123.Trippledex','2021-08-02','Closed','P2',85,70),('INC78565','jp.ne.so-net.Tres-Zap','2014-10-26','In Progress','P2',10,16),('INC78700','gov.dot.Stim','2016-10-06','Open','P3',99,38),('INC78763','edu.cmu.Matsoft','2000-11-05','Closed','P2',3,25),('INC79035','com.feedburner.Fintone','2015-06-29','Open','P2',82,55),('INC79097','com.yellowpages.Gembucket','2010-02-11','In Progress','P2',63,79),('INC79267','com.examiner.Hatity','2005-11-15','In Progress','P2',21,5),('INC79530','net.themeforest.Keylex','2003-02-04','Closed','P2',21,48),('INC79609','com.issuu.Zontrax','2002-12-22','Closed','P1',57,77),('INC79747','com.forbes.Keylex','2008-03-02','Closed','P1',28,49),('INC79752','com.kickstarter.Holdlamis','2012-10-24','Open','P1',47,16),('INC79843','org.bbb.Viva','2001-01-12','In Progress','P2',78,98),('INC79936','com.techcrunch.Matsoft','2013-12-14','In Progress','P2',75,49),('INC79978','org.redcross.Ventosanzap','2000-05-02','Closed','P2',33,94),('INC80173','com.webs.Bitchip','2022-01-29','In Progress','P2',82,48),('INC80220','uk.co.guardian.Fix San','2014-09-01','In Progress','P2',73,69),('INC80280','ca.google.It','2010-12-24','In Progress','P1',3,56),('INC80329','it.google.Cookley','2004-07-13','In Progress','P2',78,32),('INC80338','gov.va.Stim','2004-10-22','In Progress','P2',81,75),('INC80587','de.google.Transcof','2019-09-25','In Progress','P3',71,99),('INC80828','gov.senate.Bitchip','2018-05-31','In Progress','P2',92,43),('INC80926','com.oakley.Flowdesk','2001-04-29','Closed','P2',95,92),('INC81184','uk.co.amazon.Fintone','2017-01-15','Closed','P2',32,71),('INC81239','edu.utexas.Fintone','2002-02-14','In Progress','P2',66,100),('INC81401','uk.co.thetimes.Veribet','2022-10-14','In Progress','P2',93,65),('INC81435','com.apple.Aerified','2016-05-31','In Progress','P1',2,8),('INC81496','com.youtube.Y-find','2003-04-11','Open','P1',47,11),('INC81839','gov.usa.Bitchip','2008-09-24','In Progress','P3',25,72),('INC81996','ru.odnoklassniki.Andalax','2022-08-14','In Progress','P2',4,74),('INC82096','com.nytimes.Viva','2016-06-23','Open','P2',74,100),('INC82152','com.usnews.Solarbreeze','2002-09-21','Closed','P2',89,96),('INC82195','com.lulu.Holdlamis','2011-06-20','In Progress','P2',71,44),('INC82316','com.tumblr.Opela','2011-12-19','Closed','P2',26,74),('INC82574','cn.gov.miibeian.Wrapsafe','2004-09-13','In Progress','P2',88,38),('INC82621','com.java.Y-Solowarm','2021-04-26','Closed','P2',70,90),('INC82642','uk.co.dailymail.Job','2018-07-25','In Progress','P1',80,54),('INC82662','com.lycos.Zoolab','2015-11-05','In Progress','P2',38,26),('INC83000','com.scribd.Keylex','2018-03-08','In Progress','P2',97,59),('INC83051','com.nba.Pannier','2015-08-06','In Progress','P1',14,32),('INC83269','com.blog.Veribet','2002-06-11','In Progress','P1',21,77),('INC83477','com.stumbleupon.Span','2006-05-16','In Progress','P2',47,69),('INC83479','gov.irs.Quo Lux','2011-11-25','Closed','P1',84,4),('INC83529','com.tripadvisor.Zamit','2021-10-27','Closed','P3',63,17),('INC83651','com.instagram.Holdlamis','2018-02-13','Closed','P2',33,46),('INC83722','au.gov.nsw.Hatity','2001-06-26','Open','P3',72,89),('INC83821','com.mlb.Mat Lam Tam','2009-12-13','In Progress','P2',1,37),('INC84032','jp.japanpost.Span','2013-01-24','In Progress','P1',67,64),('INC84137','edu.nyu.Konklab','2005-01-16','Open','P2',16,75),('INC84676','com.wufoo.Lotstring','2014-07-24','In Progress','P3',60,96),('INC84821','com.cnet.Subin','2022-02-21','Open','P2',2,9),('INC84845','com.ucoz.Hatity','2009-06-13','Closed','P3',90,17),('INC85208','com.tripadvisor.Biodex','2012-10-21','Closed','P1',1,87),('INC85233','com.ebay.Y-find','2020-09-22','Open','P2',65,63),('INC85248','uk.co.amazon.Home Ing','2022-07-04','Closed','P3',91,1),('INC85415','ru.google.Viva','2018-03-31','In Progress','P2',5,85),('INC85595','jp.shop-pro.Fix San','2010-11-23','Open','P2',65,65),('INC85654','com.ifeng.Treeflex','2022-01-07','In Progress','P1',12,4),('INC85758','com.washingtonpost.Zathin','2001-04-02','Open','P2',57,44),('INC85795','net.furl.Treeflex','2022-03-21','In Progress','P2',16,58),('INC86080','com.sciencedirect.Keylex','2021-09-16','In Progress','P1',59,4),('INC86214','com.dailymotion.Bytecard','2019-01-19','Closed','P2',40,46),('INC86228','com.weibo.It','2000-07-08','Open','P2',7,45),('INC86302','edu.utexas.Keylex','2000-07-25','In Progress','P2',100,95),('INC86338','mil.army.Flexidy','2000-12-10','In Progress','P2',2,34),('INC86364','edu.nyu.Viva','2013-11-25','Closed','P2',5,5),('INC86367','org.dyndns.Opela','2021-07-19','In Progress','P3',87,42),('INC86426','com.prnewswire.Vagram','2012-09-17','Closed','P2',8,95),('INC86720','edu.yale.Duobam','2021-09-01','In Progress','P2',91,67),('INC86728','fr.unblog.Flexidy','2022-03-04','In Progress','P1',21,52),('INC86765','com.linkedin.Stim','2020-11-17','In Progress','P2',79,92),('INC86793','com.zdnet.Trippledex','2008-06-03','Closed','P2',49,73),('INC86824','com.economist.Gembucket','2012-10-05','In Progress','P2',91,42),('INC86908','cn.com.sina.Greenlam','2007-11-11','In Progress','P2',22,49),('INC86910','com.angelfire.Alphazap','2014-06-29','In Progress','P2',1,84),('INC87410','com.vk.Sonair','2015-07-09','Closed','P2',58,96),('INC87457','net.slideshare.Mat Lam Tam','2022-06-23','Closed','P2',56,63),('INC87613','com.wikia.Zontrax','2013-08-12','Open','P2',36,12),('INC87807','uk.co.ebay.Sub-Ex','2012-02-12','Open','P2',96,73),('INC87852','com.posterous.Voltsillam','2001-03-24','In Progress','P2',3,28),('INC87879','com.mapquest.Transcof','2018-03-17','In Progress','P2',13,27),('INC87941','com.newsvine.Matsoft','2010-02-03','In Progress','P2',64,13),('INC87962','com.ihg.Prodder','2006-07-31','In Progress','P2',53,64),('INC88063','com.netlog.Voltsillam','2022-02-03','Closed','P2',32,56),('INC88211','gov.ftc.Fix San','2011-05-12','Closed','P2',39,48),('INC88213','uk.co.dailymail.Matsoft','2004-07-02','Closed','P1',37,21),('INC88219','vu.de.Treeflex','2003-03-21','In Progress','P3',45,79),('INC88322','gov.nih.Duobam','2002-07-15','Closed','P1',53,78),('INC88906','com.technorati.Flowdesk','2008-12-22','In Progress','P2',24,43),('INC89339','com.trellian.Tin','2010-06-16','Closed','P2',39,93),('INC89586','com.nba.Cookley','2001-05-20','In Progress','P1',91,5),('INC89622','jp.jugem.Regrant','2004-11-13','Closed','P3',50,16),('INC89738','gov.fema.Voyatouch','2020-07-12','Closed','P3',76,58),('INC89762','com.about.Cardify','2007-04-03','In Progress','P1',52,99),('INC89864','eu.europa.Namfix','2012-01-06','In Progress','P2',12,71),('INC89870','info.aboutads.Duobam','2005-01-01','Open','P2',32,32),('INC89872','com.quantcast.Andalax','2015-09-22','Open','P2',51,80),('INC90004','com.histats.Zoolab','2013-09-25','In Progress','P2',13,86),('INC90019','net.furl.Fix San','2015-05-09','In Progress','P1',56,9),('INC90039','com.trellian.Trippledex','2012-03-04','In Progress','P2',15,98),('INC90143','com.acquirethisname.It','2014-02-12','In Progress','P1',28,20),('INC90375','com.wsj.Wrapsafe','2011-01-29','Closed','P2',38,52),('INC90400','com.cargocollective.Voyatouch','2013-03-26','In Progress','P1',2,13),('INC90470','au.com.smh.Zathin','2001-06-28','Closed','P2',35,83),('INC90504','com.addtoany.Daltfresh','2022-12-24','In Progress','P1',15,86),('INC90614','org.gmpg.Daltfresh','2013-10-14','Closed','P1',43,24),('INC90651','info.aboutads.Home Ing','2005-06-26','In Progress','P2',77,17),('INC90671','com.chronoengine.Aerified','2004-04-20','In Progress','P3',68,76),('INC90910','gov.cdc.Zoolab','2022-07-09','In Progress','P1',19,57),('INC90934','ru.google.Kanlam','2011-01-13','Closed','P3',52,7),('INC90997','gov.hhs.Zontrax','2005-06-19','Closed','P2',14,22),('INC91087','uk.gov.Asoka','2014-10-27','Closed','P2',3,48),('INC91108','ru.google.Asoka','2010-12-20','Closed','P1',47,86),('INC91166','com.trellian.Namfix','2003-11-16','In Progress','P2',10,56),('INC91323','gov.hhs.Zamit','2004-03-09','In Progress','P1',32,58),('INC91451','com.accuweather.Duobam','2005-12-12','In Progress','P2',14,44),('INC91604','com.comsenz.Toughjoyfax','2011-05-13','Open','P2',94,78),('INC91659','com.hp.Daltfresh','2011-06-13','Closed','P2',70,26),('INC91699','com.reference.Biodex','2011-07-31','Open','P2',83,86),('INC91712','com.parallels.Biodex','2022-12-12','Closed','P2',20,77),('INC91910','com.patch.Bitwolf','2022-07-25','Open','P2',53,85),('INC91917','edu.berkeley.Greenlam','2018-04-19','In Progress','P2',1,32),('INC91963','com.opera.Cookley','2005-07-18','In Progress','P3',56,90),('INC91973','com.webnode.Namfix','2019-05-18','Closed','P2',88,89),('INC92053','org.gnu.Lotstring','2008-03-21','In Progress','P2',26,12),('INC92104','eu.europa.Latlux','2018-06-08','Closed','P2',2,50),('INC92268','com.sfgate.Sonsing','2004-03-01','Closed','P2',32,2),('INC92310','de.1und1.Hatity','2014-05-17','In Progress','P1',66,15),('INC92395','com.mysql.Stim','2018-11-28','In Progress','P3',41,39),('INC92403','com.cisco.Domainer','2019-08-15','In Progress','P2',72,9),('INC92596','br.com.google.Hatity','2004-01-04','Closed','P1',64,7),('INC92660','com.indiatimes.Cardguard','2008-12-07','Open','P1',7,35),('INC92758','com.yahoo.Solarbreeze','2001-05-20','Closed','P1',56,53),('INC92780','com.shareasale.Home Ing','2010-10-23','In Progress','P2',67,5),('INC92827','es.google.Flexidy','2001-01-07','Closed','P2',3,29),('INC93005','cz.phoca.Sub-Ex','2008-06-23','In Progress','P2',84,31),('INC93094','com.nifty.Y-Solowarm','2021-06-27','Closed','P2',41,26),('INC93150','uk.co.webeden.Ronstring','2021-04-25','Open','P2',96,34),('INC93172','com.indiatimes.Flexidy','2019-05-08','Closed','P2',29,63),('INC93236','jp.co.google.Duobam','2008-04-08','Closed','P2',77,61),('INC93274','cz.toplist.Sonsing','2015-03-06','Open','P2',94,51),('INC93364','gov.ftc.Ronstring','2002-12-24','In Progress','P2',58,91),('INC93386','com.ft.Flowdesk','2003-07-11','In Progress','P1',55,1),('INC93409','com.soundcloud.Temp','2016-08-06','In Progress','P2',18,70),('INC93602','com.wiley.Tempsoft','2014-07-26','In Progress','P2',29,93),('INC93808','gov.senate.It','2006-10-08','Closed','P3',3,78),('INC93843','org.un.Opela','2005-08-08','Closed','P2',96,46),('INC93848','cz.phoca.Ronstring','2006-05-12','Closed','P2',79,90),('INC94009','com.domainmarket.Pannier','2022-06-03','Open','P1',7,99),('INC94053','com.cisco.Zoolab','2000-09-22','In Progress','P2',57,47),('INC94054','cn.com.china.Span','2011-02-21','Open','P3',14,72),('INC94219','uk.co.bbc.Zaam-Dox','2022-10-18','Closed','P1',62,75),('INC94278','com.fotki.Bamity','2014-02-25','Closed','P2',81,17),('INC94320','au.gov.oaic.Home Ing','2011-02-16','Open','P2',76,82),('INC94401','com.dell.Tin','2009-07-05','Closed','P2',39,66),('INC94558','com.multiply.Redhold','2017-07-06','In Progress','P2',74,31),('INC94603','com.sun.Stringtough','2006-12-29','In Progress','P2',3,15),('INC94731','org.joomla.Trippledex','2018-06-13','In Progress','P3',49,70),('INC94841','com.blogger.Lotlux','2014-07-25','Closed','P2',32,1),('INC94988','com.nbcnews.Tres-Zap','2021-11-27','Closed','P1',43,71),('INC95097','org.slashdot.Ventosanzap','2016-01-02','In Progress','P2',38,15),('INC95243','com.hugedomains.Alpha','2018-10-18','In Progress','P3',35,21),('INC95432','ru.narod.Zaam-Dox','2018-02-11','Closed','P1',56,58),('INC95496','gov.cdc.Pannier','2005-08-20','In Progress','P2',55,33),('INC95565','com.vk.Quo Lux','2004-12-22','Closed','P2',99,18),('INC95657','com.addtoany.Zathin','2004-11-24','Closed','P2',97,57),('INC95853','com.cyberchimps.Solarbreeze','2012-05-27','In Progress','P2',23,89),('INC96184','com.domainmarket.Tin','2003-02-27','In Progress','P2',23,1),('INC96382','la.51.Sub-Ex','2010-05-05','In Progress','P3',50,9),('INC96630','pl.home.Keylex','2020-07-27','In Progress','P2',10,43),('INC96864','org.archive.Stronghold','2009-06-30','Closed','P1',58,48),('INC96995','es.google.Toughjoyfax','2004-04-24','In Progress','P1',48,78),('INC97149','com.businesswire.Lotlux','2014-01-25','In Progress','P1',37,3),('INC97186','com.twitter.Fixflex','2018-06-20','Closed','P1',19,86),('INC97273','com.etsy.Pannier','2016-07-22','In Progress','P2',30,20),('INC97275','br.com.google.Toughjoyfax','2001-11-17','In Progress','P2',70,89),('INC97548','org.npr.Tresom','2021-08-31','Closed','P2',96,78),('INC97648','net.ovh.Gembucket','2022-02-13','In Progress','P2',9,9),('INC97770','gov.ed.Zamit','2006-11-27','In Progress','P1',43,1),('INC97953','com.deviantart.Mat Lam Tam','2009-12-28','In Progress','P2',38,80),('INC97995','io.soup.Lotstring','2021-06-03','Open','P2',87,49),('INC98010','jp.ne.goo.Domainer','2011-12-23','In Progress','P2',79,59),('INC98017','com.reddit.Daltfresh','2011-08-25','In Progress','P2',59,70),('INC98024','tv.ustream.Treeflex','2017-10-20','In Progress','P3',74,92),('INC98126','gov.cdc.Mat Lam Tam','2008-02-17','Open','P2',56,10),('INC98155','com.seattletimes.Subin','2003-05-06','Closed','P1',44,88),('INC98406','com.yellowpages.Hatity','2007-03-12','Closed','P1',15,39),('INC98417','com.cafepress.Subin','2015-10-02','Closed','P3',57,63),('INC98607','ca.cbc.Y-Solowarm','2001-06-11','In Progress','P2',100,30),('INC98628','de.1und1.Fix San','2022-10-18','Closed','P2',83,36),('INC98762','gov.house.Daltfresh','2019-12-07','In Progress','P2',26,62),('INC98830','gov.fema.Keylex','2012-06-23','Closed','P2',9,62),('INC98833','au.com.google.Cardify','2008-03-26','In Progress','P2',47,97),('INC98883','com.bravesites.It','2005-07-09','Open','P2',54,1),('INC98889','com.zimbio.Lotlux','2021-06-22','In Progress','P2',44,88),('INC98980','jp.ne.biglobe.Sonsing','2017-07-21','In Progress','P2',54,30),('INC99045','com.studiopress.Trippledex','2016-02-21','In Progress','P2',71,69),('INC99178','com.adobe.Tampflex','2005-03-27','In Progress','P2',34,45),('INC99194','org.wordpress.Home Ing','2010-10-09','Open','P1',57,2),('INC99256','fr.unblog.Stim','2007-08-03','Closed','P2',61,87),('INC99258','com.youtube.Alphazap','2017-09-12','Closed','P2',50,60),('INC99305','com.istockphoto.Zathin','2019-06-01','In Progress','P2',55,59),('INC99603','uk.co.123-reg.Lotlux','2020-07-15','Open','P2',70,24),('INC99621','com.etsy.Domainer','2010-11-15','In Progress','P2',41,27),('INC99788','com.technorati.Stronghold','2001-02-08','Closed','P2',93,77),('INC99801','com.netscape.Hatity','2022-06-13','In Progress','P1',95,40),('INC99985','edu.stanford.Duobam','2008-03-19','Closed','P1',77,23);
/*!40000 ALTER TABLE `incident_ticket` ENABLE KEYS */;
UNLOCK TABLES;

--
-- Table structure for table `manager`
--

DROP TABLE IF EXISTS `manager`;
/*!40101 SET @saved_cs_client     = @@character_set_client */;
/*!50503 SET character_set_client = utf8mb4 */;
CREATE TABLE `manager` (
  `emp_id` int NOT NULL,
  `team_id` int NOT NULL,
  PRIMARY KEY (`emp_id`),
  UNIQUE KEY `emp_id_UNIQUE` (`emp_id`),
  UNIQUE KEY `team_id_UNIQUE` (`team_id`),
  KEY `fk_manager_team` (`team_id`),
  CONSTRAINT `fk_manager_employee` FOREIGN KEY (`emp_id`) REFERENCES `employee` (`emp_id`) ON DELETE CASCADE ON UPDATE CASCADE,
  CONSTRAINT `fk_manager_team` FOREIGN KEY (`team_id`) REFERENCES `team` (`team_id`) ON DELETE CASCADE ON UPDATE CASCADE
) ENGINE=InnoDB DEFAULT CHARSET=utf8mb4 COLLATE=utf8mb4_0900_ai_ci;
/*!40101 SET character_set_client = @saved_cs_client */;

--
-- Dumping data for table `manager`
--

LOCK TABLES `manager` WRITE;
/*!40000 ALTER TABLE `manager` DISABLE KEYS */;
INSERT INTO `manager` VALUES (5,1),(14,3),(12,5),(60,8),(38,9),(79,10);
/*!40000 ALTER TABLE `manager` ENABLE KEYS */;
UNLOCK TABLES;

--
-- Table structure for table `request_ticket`
--

DROP TABLE IF EXISTS `request_ticket`;
/*!40101 SET @saved_cs_client     = @@character_set_client */;
/*!50503 SET character_set_client = utf8mb4 */;
CREATE TABLE `request_ticket` (
  `ticket_id` varchar(50) NOT NULL,
  `description` varchar(255) NOT NULL,
  `start_date` date NOT NULL,
  `status` enum('Open','In Progress','Closed') DEFAULT NULL,
  `priority` enum('P1','P2','P3','P4') DEFAULT NULL,
  `sprint_id` int NOT NULL,
  `created_by` int NOT NULL,
  PRIMARY KEY (`ticket_id`),
  KEY `fk_request_sprint` (`sprint_id`),
  KEY `fk_request_emp` (`created_by`),
  CONSTRAINT `fk_request_emp` FOREIGN KEY (`created_by`) REFERENCES `employee` (`emp_id`) ON DELETE CASCADE ON UPDATE CASCADE,
  CONSTRAINT `fk_request_sprint` FOREIGN KEY (`sprint_id`) REFERENCES `sprint` (`sprint_id`) ON DELETE CASCADE ON UPDATE CASCADE
) ENGINE=InnoDB DEFAULT CHARSET=utf8mb4 COLLATE=utf8mb4_0900_ai_ci;
/*!40101 SET character_set_client = @saved_cs_client */;

--
-- Dumping data for table `request_ticket`
--

LOCK TABLES `request_ticket` WRITE;
/*!40000 ALTER TABLE `request_ticket` DISABLE KEYS */;
INSERT INTO `request_ticket` VALUES ('REQ00029','org.unicef.Opela','2007-09-02','In Progress','P2',84,12),('REQ00120','edu.mit.Duobam','2004-02-10','Open','P3',5,59),('REQ00139','com.soundcloud.Trippledex','2016-09-09','In Progress','P2',12,10),('REQ00316','com.zimbio.Cookley','2002-11-06','In Progress','P2',16,2),('REQ00337','jp.ne.biglobe.Latlux','2013-06-30','Closed','P1',74,54),('REQ00467','com.example.Sonair','2022-07-17','In Progress','P2',69,62),('REQ00494','com.nydailynews.Quo Lux','2016-09-24','Open','P2',69,97),('REQ00947','de.t-online.Namfix','2020-01-20','Open','P1',69,61),('REQ01076','com.icq.Y-find','2000-03-12','Open','P3',77,83),('REQ01099','jp.co.rakuten.Lotstring','2012-01-23','In Progress','P1',19,4),('REQ01212','com.fastcompany.Bitchip','2010-07-07','Closed','P2',77,40),('REQ01244','jp.ne.dion.Domainer','2005-12-08','In Progress','P3',92,26),('REQ01263','com.sciencedaily.Tres-Zap','2006-05-13','In Progress','P2',41,48),('REQ01407','com.elpais.Aerified','2007-01-12','Closed','P2',60,66),('REQ01701','gov.census.Lotstring','2019-06-08','Closed','P2',69,94),('REQ01843','com.dagondesign.Fintone','2015-09-13','In Progress','P2',3,65),('REQ01866','com.hibu.Wrapsafe','2001-04-08','In Progress','P2',24,6),('REQ01943','com.cbslocal.Tin','2008-04-01','Open','P2',42,21),('REQ02185','com.mayoclinic.Ventosanzap','2001-11-09','Closed','P2',51,53),('REQ02210','com.wikia.Greenlam','2004-06-01','Closed','P2',24,11),('REQ02277','jp.ne.sakura.Zoolab','2006-11-08','Closed','P2',39,84),('REQ02515','org.wikimedia.Stim','2005-09-18','Open','P2',19,55),('REQ02625','com.alibaba.Asoka','2003-11-20','Closed','P3',54,3),('REQ02639','com.businesswire.Alphazap','2017-03-15','Closed','P2',16,54),('REQ02803','com.gravatar.Y-find','2009-04-21','In Progress','P2',97,58),('REQ02918','edu.columbia.Bitchip','2012-04-05','Open','P2',56,33),('REQ02981','com.engadget.Bamity','2016-08-04','Closed','P3',2,24),('REQ03052','com.sun.Domainer','2007-04-16','In Progress','P3',61,39),('REQ03278','com.mozilla.Stronghold','2000-11-03','In Progress','P2',75,62),('REQ03421','com.seattletimes.Ronstring','2004-07-27','In Progress','P2',15,56),('REQ03472','org.slashdot.It','2014-03-21','In Progress','P1',85,94),('REQ03603','com.alibaba.Andalax','2019-11-18','Open','P2',1,30),('REQ03776','com.slate.Zathin','2020-11-07','Closed','P2',36,68),('REQ03795','com.wired.Aerified','2017-05-18','Open','P3',55,84),('REQ03993','us.imageshack.Veribet','2011-12-03','In Progress','P2',18,47),('REQ04044','br.com.google.Overhold','2017-10-14','Open','P2',88,91),('REQ04205','org.apache.Namfix','2020-10-02','In Progress','P2',77,86),('REQ04240','me.flavors.Vagram','2011-08-26','Closed','P2',81,53),('REQ04324','org.creativecommons.Vagram','2006-05-14','Closed','P2',36,25),('REQ04327','com.1688.Daltfresh','2008-09-21','Closed','P2',34,78),('REQ04453','com.yahoo.Trippledex','2002-02-21','In Progress','P3',90,99),('REQ04462','org.wordpress.Gembucket','2019-02-13','In Progress','P2',73,29),('REQ04542','com.wordpress.Namfix','2010-01-18','Closed','P2',19,2),('REQ04570','com.facebook.Viva','2006-03-01','Closed','P1',43,58),('REQ04658','gov.irs.Latlux','2016-01-19','In Progress','P2',58,35),('REQ04759','com.meetup.Cardify','2022-12-06','Open','P2',45,86),('REQ05245','jp.ne.biglobe.Alphazap','2013-05-18','Closed','P2',51,6),('REQ05298','edu.cmu.Biodex','2011-12-31','In Progress','P2',26,7),('REQ05371','com.economist.Bitchip','2017-08-27','Closed','P3',54,79),('REQ05396','com.hostgator.Stronghold','2007-10-03','In Progress','P2',71,67),('REQ05556','com.flickr.Tempsoft','2017-01-11','Closed','P2',18,15),('REQ05582','com.squidoo.Alpha','2022-09-01','Closed','P1',52,78),('REQ05761','com.blogspot.Zaam-Dox','2020-09-16','Closed','P2',64,21),('REQ05790','com.addthis.Viva','2008-10-23','Open','P2',77,72),('REQ05856','net.php.Subin','2014-08-20','Open','P2',46,29),('REQ05864','jp.geocities.Tres-Zap','2017-08-09','Closed','P1',57,37),('REQ05865','com.walmart.Solarbreeze','2019-04-07','In Progress','P2',6,54),('REQ05905','au.com.google.Asoka','2001-12-27','In Progress','P2',91,15),('REQ05929','com.arstechnica.Bamity','2021-07-31','In Progress','P2',5,74),('REQ06077','com.webnode.Span','2019-03-11','Closed','P2',35,86),('REQ06090','com.weebly.Tresom','2021-04-18','Closed','P3',5,31),('REQ06223','com.typepad.Zontrax','2019-09-25','Open','P3',13,29),('REQ06561','com.howstuffworks.Cardguard','2019-07-29','In Progress','P2',5,40),('REQ06594','com.multiply.Greenlam','2013-01-22','Open','P3',99,80),('REQ06967','org.un.Aerified','2014-03-22','Open','P2',42,3),('REQ07006','com.time.Matsoft','2006-02-01','In Progress','P3',100,10),('REQ07266','edu.upenn.Viva','2018-08-23','In Progress','P3',44,18),('REQ07687','com.alibaba.Zoolab','2021-11-24','In Progress','P2',34,15),('REQ07778','info.aboutads.Zaam-Dox','2003-10-10','In Progress','P2',66,26),('REQ08141','com.blogspot.Daltfresh','2022-10-14','In Progress','P1',96,33),('REQ08279','com.opera.Sonair','2012-07-28','In Progress','P2',77,46),('REQ08504','com.pinterest.Hatity','2019-12-28','In Progress','P2',38,42),('REQ08505','au.gov.nsw.Toughjoyfax','2020-06-29','In Progress','P2',34,88),('REQ08609','br.com.google.Zaam-Dox','2016-06-01','In Progress','P2',15,85),('REQ08616','be.youtu.Regrant','2013-02-04','In Progress','P2',72,15),('REQ08620','com.blogs.Tin','2008-08-19','Closed','P2',32,20),('REQ08837','com.gizmodo.Quo Lux','2005-02-07','Open','P2',65,63),('REQ09031','gov.state.Treeflex','2019-11-20','In Progress','P1',81,98),('REQ09107','com.paypal.Ronstring','2006-04-15','In Progress','P3',15,91),('REQ09158','org.joomla.Transcof','2022-05-08','Closed','P3',24,36),('REQ09312','gov.loc.It','2005-03-07','Open','P2',70,67),('REQ09593','com.usnews.Otcom','2007-01-08','Open','P2',46,44),('REQ09649','com.wired.Tres-Zap','2004-12-08','Open','P2',8,100),('REQ09665','com.posterous.Y-find','2013-05-03','Closed','P2',88,69),('REQ09875','jp.ne.dion.Regrant','2022-11-20','Closed','P3',91,2),('REQ09876','com.imgur.Bytecard','2004-06-30','Closed','P2',2,91),('REQ09928','cn.gov.miibeian.Ronstring','2000-12-13','In Progress','P3',32,44),('REQ09995','cn.com.china.Konklux','2002-02-16','Open','P2',37,53),('REQ10012','edu.umich.Trippledex','2011-11-03','Closed','P2',5,5),('REQ10043','com.examiner.Bytecard','2022-03-04','Open','P1',20,32),('REQ10050','com.rediff.Bitwolf','2008-08-15','In Progress','P1',66,59),('REQ10288','org.unicef.Job','2004-05-26','In Progress','P2',69,21),('REQ10322','com.4shared.Quo Lux','2003-03-15','Open','P3',77,45),('REQ10352','br.com.google.Gembucket','2009-01-19','In Progress','P2',36,26),('REQ10470','com.webnode.Job','2022-03-08','Closed','P1',61,39),('REQ10473','info.aboutads.Tres-Zap','2002-06-13','Open','P2',58,7),('REQ10501','com.theatlantic.Zaam-Dox','2015-02-17','Closed','P2',48,1),('REQ10505','com.gizmodo.Zoolab','2003-10-31','In Progress','P1',78,40),('REQ10509','com.diigo.Bamity','2003-12-21','In Progress','P2',82,46),('REQ10551','com.indiatimes.Otcom','2014-05-22','In Progress','P3',54,19),('REQ10593','com.purevolume.Bytecard','2016-02-27','Closed','P3',51,76),('REQ10604','com.flickr.Biodex','2004-09-10','In Progress','P2',78,64),('REQ10631','com.amazonaws.Temp','2000-05-17','In Progress','P1',2,36),('REQ10871','com.cnn.Quo Lux','2000-06-03','Closed','P1',64,85),('REQ10914','com.ifeng.Veribet','2014-04-06','In Progress','P3',99,4),('REQ11121','com.cnn.Andalax','2013-07-11','Open','P2',52,85),('REQ11217','com.cafepress.Fintone','2012-09-14','In Progress','P2',53,41),('REQ11336','uk.co.webeden.Cardify','2014-02-16','In Progress','P1',11,98),('REQ11411','com.gizmodo.Regrant','2020-12-10','Closed','P2',35,58),('REQ11418','com.tripadvisor.Ronstring','2010-12-11','Closed','P2',77,68),('REQ11516','com.pinterest.Zontrax','2011-05-30','Open','P2',96,53),('REQ11557','gov.ed.Alpha','2019-06-14','In Progress','P2',21,62),('REQ11712','com.shinystat.Trippledex','2007-02-19','Closed','P2',85,48),('REQ11786','com.twitter.Aerified','2017-10-13','Closed','P3',36,76),('REQ11870','org.dmoz.Alpha','2017-03-28','Closed','P2',47,23),('REQ11988','org.apache.Tempsoft','2018-12-02','Closed','P2',66,50),('REQ12008','com.mediafire.Latlux','2005-11-29','Closed','P3',70,15),('REQ12010','au.net.abc.Tempsoft','2009-02-04','Open','P2',43,53),('REQ12074','com.wired.Aerified','2012-06-15','Open','P2',86,10),('REQ12084','edu.unc.Zoolab','2022-02-27','Closed','P3',24,55),('REQ12103','com.hao123.Konklux','2012-03-27','In Progress','P2',51,77),('REQ12354','edu.ucsd.Andalax','2000-06-08','In Progress','P2',71,60),('REQ12365','edu.ucla.Job','2010-07-12','In Progress','P2',94,49),('REQ12433','com.bloglines.Sonsing','2022-02-14','Closed','P3',19,84),('REQ12480','com.lycos.Zathin','2018-12-04','In Progress','P1',69,67),('REQ12526','com.blogger.Konklux','2001-03-18','Open','P2',18,87),('REQ12710','net.clickbank.Y-find','2014-02-24','Closed','P2',47,71),('REQ12788','com.geocities.Viva','2009-09-07','In Progress','P2',61,4),('REQ13073','info.aboutads.Kanlam','2017-01-11','Closed','P2',79,66),('REQ13078','net.a8.It','2006-01-21','In Progress','P3',52,47),('REQ13096','fr.unblog.Namfix','2016-04-05','Open','P2',10,54),('REQ13121','gov.ca.Subin','2022-01-20','In Progress','P2',60,64),('REQ13123','com.omniture.Cardify','2012-05-21','In Progress','P2',43,71),('REQ13136','uk.co.guardian.Trippledex','2013-05-15','In Progress','P2',72,90),('REQ13193','com.slate.Biodex','2000-02-29','Open','P2',87,56),('REQ13377','vu.de.Cardguard','2018-10-05','Closed','P2',19,3),('REQ13397','com.mtv.Keylex','2003-05-17','Closed','P3',88,63),('REQ13412','com.spotify.Fix San','2019-12-21','In Progress','P2',57,24),('REQ13727','ly.ow.Bytecard','2022-02-01','Open','P1',40,78),('REQ13963','com.freewebs.Prodder','2009-07-30','Closed','P3',95,38),('REQ14005','net.comcast.Bitchip','2017-11-21','In Progress','P1',64,70),('REQ14256','com.examiner.Zaam-Dox','2000-12-25','Open','P3',72,71),('REQ14275','net.comcast.Bytecard','2008-07-28','Closed','P3',41,40),('REQ14353','com.tumblr.Voyatouch','2017-05-16','In Progress','P2',68,35),('REQ14435','com.domainmarket.Latlux','2017-12-30','In Progress','P2',39,79),('REQ14543','au.gov.privacy.Stringtough','2020-02-21','Closed','P2',61,51),('REQ14751','ru.yandex.Sonair','2004-08-07','Closed','P2',87,53),('REQ14788','com.4shared.Fixflex','2021-08-14','Closed','P1',17,6),('REQ15008','info.aboutads.Alpha','2000-06-05','Open','P1',90,93),('REQ15011','gov.nih.Biodex','2018-08-01','In Progress','P2',15,46),('REQ15017','com.mayoclinic.Tempsoft','2008-04-30','In Progress','P2',88,1),('REQ15033','com.lulu.Bitchip','2016-06-28','In Progress','P2',26,88),('REQ15060','com.webmd.Namfix','2018-07-07','Closed','P1',58,29),('REQ15312','com.youtube.Ventosanzap','2013-03-29','In Progress','P2',83,65),('REQ15456','com.over-blog.Kanlam','2004-04-18','In Progress','P3',77,28),('REQ15551','edu.tamu.Cardify','2007-04-25','In Progress','P2',34,4),('REQ15795','edu.harvard.Home Ing','2011-02-22','Open','P2',74,62),('REQ15841','com.mapquest.Andalax','2002-03-06','Open','P2',99,100),('REQ16092','com.vinaora.Sub-Ex','2000-04-14','Closed','P1',2,51),('REQ16127','org.wordpress.It','2000-04-21','Closed','P2',54,99),('REQ16185','cc.tiny.Keylex','2012-12-15','Open','P2',18,3),('REQ16408','com.walmart.Alphazap','2017-01-31','In Progress','P2',87,89),('REQ16417','co.g.Bytecard','2021-02-13','In Progress','P2',74,7),('REQ16518','com.nymag.It','2013-12-20','Open','P1',64,31),('REQ16569','edu.princeton.Ronstring','2020-01-24','Open','P2',36,95),('REQ16577','com.istockphoto.Gembucket','2013-05-20','Closed','P2',8,36),('REQ16813','org.altervista.Asoka','2002-02-25','In Progress','P2',62,53),('REQ17106','com.marriott.Voltsillam','2014-01-12','In Progress','P2',39,15),('REQ17280','com.slate.Toughjoyfax','2021-05-17','In Progress','P2',53,85),('REQ17281','com.yolasite.Latlux','2022-03-06','Closed','P2',57,19),('REQ17369','org.pbs.Daltfresh','2000-09-02','Closed','P2',9,55),('REQ17398','com.elpais.Duobam','2000-05-01','Open','P2',86,82),('REQ17424','uk.co.amazon.Fixflex','2012-05-10','Closed','P1',9,66),('REQ17511','gov.whitehouse.Zamit','2003-10-07','In Progress','P3',86,10),('REQ17519','ru.rambler.Tempsoft','2019-12-25','In Progress','P2',44,63),('REQ17553','info.aboutads.Voyatouch','2002-12-01','In Progress','P2',76,11),('REQ17881','com.cnbc.Daltfresh','2013-05-13','In Progress','P3',32,84),('REQ18040','edu.tamu.Zaam-Dox','2014-11-21','In Progress','P1',43,62),('REQ18289','vu.de.Duobam','2018-03-31','Closed','P2',59,98),('REQ18322','com.seattletimes.Tin','2002-03-07','In Progress','P3',2,72),('REQ18376','ca.google.Sonsing','2018-03-10','In Progress','P2',100,98),('REQ18396','net.a8.Wrapsafe','2018-01-19','In Progress','P3',44,56),('REQ18397','com.printfriendly.Flexidy','2007-09-03','In Progress','P2',67,48),('REQ18422','uk.ac.ox.Cardguard','2012-04-26','Closed','P2',62,67),('REQ18492','org.edublogs.Tempsoft','2009-03-05','In Progress','P1',73,94),('REQ18612','org.prlog.Pannier','2011-04-01','Closed','P3',57,69),('REQ18613','com.newsvine.Flexidy','2015-08-30','Closed','P2',36,13),('REQ18721','it.paginegialle.Tres-Zap','2022-03-04','In Progress','P3',81,54),('REQ18756','com.cloudflare.Pannier','2009-08-22','Closed','P2',63,33),('REQ18786','fr.unblog.Andalax','2000-10-17','In Progress','P1',16,14),('REQ18915','com.blogs.Konklux','2016-10-24','In Progress','P1',61,22),('REQ18979','com.soundcloud.It','2020-06-04','Closed','P2',22,63),('REQ18999','ru.narod.Subin','2011-06-24','Closed','P2',86,14),('REQ19025','net.a8.Prodder','2020-02-21','Open','P2',4,98),('REQ19042','com.vistaprint.Bamity','2011-08-23','In Progress','P1',10,41),('REQ19137','gov.dot.Home Ing','2020-11-01','Closed','P1',58,12),('REQ19193','com.theatlantic.Tin','2020-07-20','Open','P1',32,64),('REQ19219','com.hexun.Hatity','2007-10-15','In Progress','P2',83,43),('REQ19229','co.g.Flexidy','2022-02-14','In Progress','P1',76,37),('REQ19273','com.ifeng.Tampflex','2008-08-24','Closed','P2',64,29),('REQ19307','la.51.Prodder','2009-03-05','In Progress','P2',10,13),('REQ19347','com.theguardian.Vagram','2005-04-01','Closed','P3',50,11),('REQ19457','com.blogspot.Sub-Ex','2002-06-10','Closed','P2',45,74),('REQ19598','com.nytimes.Y-find','2014-11-08','In Progress','P2',52,16),('REQ19603','gov.ed.Sonsing','2000-07-02','In Progress','P2',97,60),('REQ19717','gov.house.Mat Lam Tam','2013-06-09','Closed','P2',13,78),('REQ19719','org.prlog.Stringtough','2017-04-25','Closed','P3',11,8),('REQ19834','uk.co.123-reg.Lotstring','2009-11-20','In Progress','P3',64,59),('REQ19953','uk.ac.ox.Alpha','2021-03-21','Closed','P2',24,14),('REQ19993','com.wordpress.Sub-Ex','2011-10-21','In Progress','P2',75,6),('REQ20031','com.adobe.Zontrax','2003-02-13','Open','P2',61,83),('REQ20066','edu.yale.Sub-Ex','2010-03-02','Closed','P2',39,41),('REQ20101','nl.google.Tin','2018-08-30','Open','P3',76,87),('REQ20220','uk.co.bbc.Pannier','2021-11-16','In Progress','P2',32,47),('REQ20268','cn.com.people.Alphazap','2014-05-15','Open','P2',61,80),('REQ20328','ru.mail.Quo Lux','2016-10-12','Open','P2',87,23),('REQ20545','com.mozilla.Gembucket','2021-02-26','In Progress','P2',82,46),('REQ20587','gov.dot.Tin','2011-02-17','Open','P3',72,4),('REQ20761','com.biblegateway.Fintone','2014-08-19','In Progress','P2',55,79),('REQ20929','jp.co.google.Sonsing','2019-02-07','Closed','P3',86,37),('REQ21094','com.about.Home Ing','2017-08-28','Closed','P2',25,90),('REQ21160','be.youtu.Stim','2001-07-17','In Progress','P2',20,82),('REQ21280','com.csmonitor.Y-Solowarm','2005-04-06','In Progress','P2',84,37),('REQ21393','com.facebook.Tresom','2020-06-08','Open','P2',32,15),('REQ21532','com.gizmodo.Treeflex','2013-01-03','Closed','P2',92,60),('REQ21671','net.clickbank.Wrapsafe','2014-06-29','Closed','P1',70,50),('REQ21792','info.aboutads.Bamity','2010-08-07','Closed','P2',11,91),('REQ21916','com.sitemeter.Greenlam','2020-04-18','In Progress','P2',10,40),('REQ21955','com.walmart.Stim','2020-06-07','Closed','P2',20,98),('REQ21995','com.shutterfly.Mat Lam Tam','2010-04-01','In Progress','P2',51,17),('REQ22123','com.economist.Asoka','2005-09-10','In Progress','P2',68,98),('REQ22309','org.gmpg.Duobam','2009-06-30','In Progress','P2',8,100),('REQ22344','cn.com.sina.Sub-Ex','2022-01-05','In Progress','P1',63,82),('REQ22427','com.example.Tempsoft','2004-03-06','In Progress','P2',10,34),('REQ22451','com.deliciousdays.Temp','2015-09-29','In Progress','P1',36,13),('REQ22516','edu.wisc.Bigtax','2004-01-07','In Progress','P2',42,16),('REQ22562','jp.ameblo.Subin','2011-01-02','In Progress','P3',96,9),('REQ22718','uk.co.amazon.Lotlux','2000-07-27','Closed','P1',78,8),('REQ22985','com.huffingtonpost.Tempsoft','2011-03-08','Closed','P1',12,74),('REQ23029','jp.shop-pro.Bigtax','2011-12-15','Open','P2',99,31),('REQ23030','com.vk.Wrapsafe','2003-01-28','In Progress','P2',4,19),('REQ23050','com.sphinn.Kanlam','2008-07-26','In Progress','P3',70,92),('REQ23065','com.oakley.Trippledex','2012-08-30','In Progress','P2',98,91),('REQ23461','com.marriott.Bitchip','2010-02-04','Open','P2',20,79),('REQ23584','com.theatlantic.Temp','2004-02-06','Closed','P2',35,41),('REQ23644','jp.ne.so-net.Bigtax','2020-09-15','In Progress','P2',40,73),('REQ23654','com.chron.Bigtax','2004-08-02','In Progress','P1',92,16),('REQ23733','uk.co.guardian.Transcof','2008-03-14','Closed','P2',99,50),('REQ23801','com.wikia.Veribet','2019-12-15','Open','P2',89,83),('REQ23892','com.forbes.Lotlux','2004-11-22','Open','P2',87,54),('REQ23935','com.chicagotribune.Ventosanzap','2017-12-01','Closed','P2',51,72),('REQ24107','com.1688.Bamity','2021-05-13','In Progress','P2',23,79),('REQ24124','eu.europa.Bitwolf','2005-10-11','In Progress','P2',18,8),('REQ24207','com.linkedin.Y-Solowarm','2010-04-04','Open','P1',84,78),('REQ24229','com.youku.Span','2007-11-04','Closed','P2',3,5),('REQ24561','com.issuu.Tempsoft','2010-03-04','In Progress','P2',70,63),('REQ24629','org.archive.Transcof','2022-01-05','Open','P2',26,25),('REQ24647','com.myspace.Bigtax','2000-12-15','In Progress','P2',58,20),('REQ24686','org.joomla.Subin','2020-12-08','Closed','P2',22,72),('REQ24740','com.comsenz.Duobam','2015-05-13','Closed','P3',17,98),('REQ24750','com.wsj.Lotlux','2003-08-14','Closed','P2',57,85),('REQ24773','net.furl.Stronghold','2021-07-04','In Progress','P2',13,9),('REQ25010','au.gov.nsw.Duobam','2010-02-20','In Progress','P2',50,41),('REQ25125','com.scientificamerican.Tresom','2019-12-21','Closed','P1',15,44),('REQ25249','edu.harvard.Bigtax','2010-07-08','In Progress','P2',23,38),('REQ25265','com.prnewswire.Viva','2015-11-23','In Progress','P1',15,38),('REQ25402','com.oakley.Fintone','2003-08-02','In Progress','P2',8,34),('REQ25531','com.homestead.Wrapsafe','2007-03-02','Open','P2',11,97),('REQ25640','com.adobe.Rank','2021-09-06','Open','P2',88,10),('REQ25700','com.jiathis.Regrant','2012-01-20','In Progress','P3',17,95),('REQ25752','uk.co.123-reg.Otcom','2007-05-27','In Progress','P2',38,84),('REQ25814','com.gizmodo.Matsoft','2003-09-10','Closed','P2',59,75),('REQ25860','de.google.Tin','2022-03-07','Closed','P2',74,58),('REQ26217','com.biblegateway.Gembucket','2007-02-10','Closed','P2',27,67),('REQ26280','net.earthlink.Subin','2012-10-31','Closed','P2',64,88),('REQ26397','uk.co.dailymail.Andalax','2002-07-30','Closed','P3',82,21),('REQ26492','edu.illinois.Job','2014-01-20','In Progress','P2',15,50),('REQ26729','com.zdnet.Asoka','2008-10-14','Closed','P3',20,9),('REQ26931','fr.google.It','2009-07-03','Open','P3',47,87),('REQ26949','com.cafepress.Sub-Ex','2008-08-27','Open','P2',98,41),('REQ27093','com.msn.Daltfresh','2006-10-29','Open','P2',98,84),('REQ27096','com.about.Asoka','2020-12-17','Closed','P1',63,47),('REQ27189','com.economist.Subin','2014-08-18','Open','P2',1,87),('REQ27230','com.wiley.Fintone','2014-04-12','Closed','P2',64,60),('REQ27262','fr.google.Fixflex','2010-03-15','In Progress','P1',88,22),('REQ27441','uk.co.thetimes.Prodder','2017-02-05','Closed','P3',29,28),('REQ27618','edu.unc.Bitwolf','2019-06-09','In Progress','P2',33,82),('REQ27627','net.furl.Lotlux','2007-01-21','Open','P2',39,58),('REQ27629','uk.ac.cam.Toughjoyfax','2006-06-23','Open','P2',84,30),('REQ27894','com.discovery.Wrapsafe','2017-12-28','In Progress','P3',72,27),('REQ27969','com.icq.Alphazap','2017-02-12','In Progress','P3',13,85),('REQ28013','edu.princeton.Hatity','2014-07-11','In Progress','P2',49,88),('REQ28101','com.zimbio.Solarbreeze','2008-02-03','Open','P1',47,35),('REQ28263','com.homestead.Latlux','2017-09-30','In Progress','P1',25,36),('REQ28291','com.list-manage.Bytecard','2014-03-12','In Progress','P2',13,44),('REQ28314','com.mashable.Cookley','2002-06-15','In Progress','P2',57,100),('REQ28441','org.wordpress.Flexidy','2007-01-30','In Progress','P2',52,68),('REQ28509','gov.noaa.Namfix','2013-05-18','In Progress','P2',97,6),('REQ28526','com.scribd.Voltsillam','2015-09-26','In Progress','P2',67,50),('REQ28548','com.blogger.Biodex','2018-01-02','Closed','P2',16,74),('REQ28719','org.redcross.Cardify','2016-01-21','In Progress','P3',7,32),('REQ28864','com.comsenz.Voyatouch','2021-09-27','In Progress','P2',22,23),('REQ28993','au.gov.privacy.Asoka','2013-08-06','In Progress','P1',71,66),('REQ29043','jp.ne.ocn.Bamity','2013-01-30','Open','P2',63,46),('REQ29301','net.sourceforge.Tresom','2011-02-26','Closed','P2',81,94),('REQ29354','com.mozilla.Zaam-Dox','2021-05-17','In Progress','P2',14,63),('REQ29536','com.booking.Lotlux','2001-09-29','Closed','P2',36,81),('REQ29682','net.earthlink.Lotlux','2013-05-29','In Progress','P2',45,45),('REQ29692','com.discovery.Viva','2013-01-29','In Progress','P1',75,97),('REQ29749','jp.co.rakuten.Konklab','2001-07-06','Closed','P2',64,97),('REQ29784','gov.hhs.Bigtax','2018-03-22','Closed','P1',61,60),('REQ29789','com.rediff.Regrant','2016-02-24','Closed','P2',30,73),('REQ29795','gov.epa.Lotlux','2010-09-01','In Progress','P2',55,78),('REQ29813','hk.com.google.Matsoft','2021-09-22','Closed','P1',44,68),('REQ29930','jp.ne.hatena.Greenlam','2001-07-11','In Progress','P1',48,28),('REQ29946','com.parallels.Konklux','2003-12-05','In Progress','P3',35,74),('REQ29972','com.hostgator.Asoka','2004-08-26','Closed','P2',41,59),('REQ30006','com.slate.Flowdesk','2000-03-11','Closed','P2',43,17),('REQ30253','edu.utexas.Fintone','2006-02-07','Closed','P1',66,43),('REQ30379','uk.co.ebay.Zoolab','2009-06-26','Open','P2',33,57),('REQ30482','net.ovh.Konklux','2021-05-22','In Progress','P2',61,84),('REQ30540','jp.geocities.Zamit','2008-08-10','Open','P2',76,3),('REQ30596','br.com.google.Stim','2010-07-06','In Progress','P2',3,38),('REQ30645','com.mediafire.Viva','2022-04-30','In Progress','P2',18,99),('REQ30674','com.seattletimes.Treeflex','2020-08-30','Closed','P2',55,88),('REQ30687','uk.co.ebay.Viva','2006-01-04','In Progress','P2',96,2),('REQ30691','gov.irs.Tres-Zap','2005-09-16','Open','P2',74,47),('REQ30849','com.scribd.Namfix','2020-05-09','Open','P2',93,90),('REQ30874','com.xing.Ronstring','2016-03-19','Closed','P1',18,98),('REQ30934','com.1688.Domainer','2000-05-08','Closed','P2',96,73),('REQ31007','com.phpbb.Quo Lux','2015-08-15','Open','P3',88,79),('REQ31069','com.gizmodo.Trippledex','2011-07-03','In Progress','P3',22,89),('REQ31088','com.squidoo.Konklux','2000-08-13','Closed','P3',82,83),('REQ31175','com.tinypic.Zamit','2007-11-16','Closed','P2',31,68),('REQ31277','com.woothemes.Biodex','2002-05-09','In Progress','P2',25,60),('REQ31376','com.tmall.Latlux','2000-05-21','Closed','P1',90,3),('REQ31397','com.youtube.Cardify','2006-12-05','Closed','P2',9,38),('REQ31500','gov.whitehouse.Aerified','2017-03-14','In Progress','P2',58,94),('REQ31509','com.eventbrite.Wrapsafe','2003-05-01','Closed','P2',94,69),('REQ31553','uk.ac.cam.Regrant','2022-08-19','In Progress','P2',2,31),('REQ31627','edu.utexas.Fix San','2016-04-19','In Progress','P3',11,89),('REQ31842','ch.admin.Redhold','2008-07-20','In Progress','P3',66,61),('REQ32017','jp.ne.dion.Solarbreeze','2019-05-26','Closed','P2',62,100),('REQ32048','com.quantcast.Konklab','2017-05-22','Closed','P2',78,85),('REQ32076','com.squarespace.Home Ing','2004-01-15','Open','P2',74,12),('REQ32109','de.spiegel.Konklux','2011-10-30','In Progress','P3',48,20),('REQ32179','edu.illinois.Vagram','2008-11-03','In Progress','P1',27,6),('REQ32207','com.freewebs.Domainer','2001-09-26','Closed','P2',63,70),('REQ32293','com.ft.Lotlux','2009-12-07','Closed','P2',49,97),('REQ32368','edu.unc.Fix San','2001-10-05','Closed','P2',91,68),('REQ32399','us.tx.state.Voyatouch','2011-10-28','Open','P2',55,93),('REQ32580','org.opensource.Bitchip','2012-09-16','Closed','P2',37,83),('REQ33012','uk.nhs.Cookley','2002-01-01','Closed','P2',40,39),('REQ33165','ru.google.Ronstring','2019-07-11','Closed','P1',62,50),('REQ33223','org.wikimedia.Overhold','2015-12-16','Open','P2',56,39),('REQ33243','com.facebook.Fixflex','2001-08-08','Closed','P1',63,4),('REQ33244','jp.i2i.Job','2018-01-21','In Progress','P2',45,29),('REQ33513','gov.usda.Prodder','2019-06-28','Closed','P1',7,25),('REQ33557','net.ovh.Zaam-Dox','2000-08-11','In Progress','P1',24,85),('REQ33562','com.ucoz.Konklux','2002-05-06','Closed','P2',36,54),('REQ33766','com.hostgator.Rank','2017-07-03','Open','P2',79,16),('REQ33904','com.github.Tres-Zap','2007-05-25','In Progress','P1',73,47),('REQ33973','uk.co.google.Zaam-Dox','2012-05-06','In Progress','P2',28,48),('REQ33980','com.biblegateway.Tin','2018-12-17','Open','P2',24,63),('REQ34070','gov.usda.Overhold','2007-04-04','Open','P1',64,21),('REQ34119','com.intel.Greenlam','2009-12-10','In Progress','P2',93,28),('REQ34198','com.etsy.Rank','2021-06-23','In Progress','P3',7,55),('REQ34308','com.blinklist.Wrapsafe','2014-10-24','In Progress','P2',39,67),('REQ34586','com.jimdo.Fintone','2019-07-20','Open','P1',40,26),('REQ34637','com.over-blog.Trippledex','2016-03-04','In Progress','P1',53,83),('REQ34652','me.about.Latlux','2005-12-02','In Progress','P1',83,100),('REQ35145','com.issuu.Treeflex','2006-09-24','In Progress','P2',96,69),('REQ35175','org.unicef.Veribet','2017-06-30','Open','P1',13,75),('REQ35231','com.phpbb.Namfix','2004-04-12','In Progress','P1',73,43),('REQ35297','com.xinhuanet.Tampflex','2006-06-26','Closed','P2',71,4),('REQ35532','net.seesaa.Mat Lam Tam','2021-11-20','In Progress','P1',45,47),('REQ35654','it.tuttocitta.Tin','2018-09-26','Closed','P1',13,7),('REQ35743','jp.ne.hatena.Rank','2008-01-07','In Progress','P2',64,26),('REQ35857','org.un.Trippledex','2019-10-12','Open','P2',2,19),('REQ35870','com.fotki.Andalax','2014-07-06','In Progress','P2',65,15),('REQ35876','br.com.google.Tres-Zap','2019-12-14','In Progress','P2',93,95),('REQ35935','it.paginegialle.Zamit','2006-02-06','Closed','P3',98,83),('REQ36037','com.youku.Sonsing','2006-09-16','Closed','P2',9,84),('REQ36126','jp.co.google.Andalax','2004-04-01','In Progress','P2',37,26),('REQ36146','com.purevolume.Biodex','2006-04-10','In Progress','P3',70,95),('REQ36539','com.economist.Holdlamis','2000-06-08','Closed','P2',12,39),('REQ36783','com.purevolume.Vagram','2011-09-23','Closed','P2',66,77),('REQ37168','com.soundcloud.Treeflex','2004-11-05','Open','P2',22,49),('REQ37294','com.hc360.Fixflex','2022-01-23','In Progress','P1',3,83),('REQ37339','com.yellowpages.Voyatouch','2005-03-07','Closed','P2',62,57),('REQ37354','com.com.Regrant','2022-08-29','In Progress','P2',2,54),('REQ37410','de.e-recht24.Fixflex','2020-08-23','In Progress','P2',54,27),('REQ37531','com.flickr.Holdlamis','2018-09-08','In Progress','P2',19,29),('REQ37574','com.weather.Greenlam','2010-04-14','In Progress','P2',91,15),('REQ37594','com.ifeng.Konklab','2007-04-18','Closed','P2',82,74),('REQ37802','com.vimeo.Wrapsafe','2012-06-16','Open','P2',67,30),('REQ37928','com.elegantthemes.Flowdesk','2015-10-30','Closed','P3',91,10),('REQ38170','org.archive.Rank','2016-01-14','Closed','P2',70,18),('REQ38171','fr.free.Lotstring','2006-05-28','In Progress','P2',33,42),('REQ38550','com.networksolutions.Viva','2017-07-20','In Progress','P2',80,46),('REQ38609','ru.narod.Fintone','2010-05-10','Closed','P2',75,68),('REQ38747','com.surveymonkey.Cookley','2010-04-03','Closed','P2',46,31),('REQ38902','ru.narod.Sonair','2020-07-27','In Progress','P3',55,62),('REQ39224','com.ask.Lotstring','2014-11-17','Closed','P3',32,83),('REQ39628','com.ifeng.Andalax','2021-01-12','Closed','P1',21,86),('REQ39652','com.nifty.Prodder','2012-02-23','In Progress','P2',44,67),('REQ39657','gov.fema.Kanlam','2022-07-05','In Progress','P2',78,22),('REQ39850','com.comsenz.Domainer','2015-04-04','Open','P2',74,35),('REQ39870','com.wikia.Fix San','2022-03-25','In Progress','P3',60,56),('REQ39883','jp.or.plala.Lotstring','2008-03-09','Open','P1',10,83),('REQ40011','es.google.Bitwolf','2008-04-11','In Progress','P3',99,47),('REQ40176','com.google.Ventosanzap','2010-08-14','In Progress','P3',82,61),('REQ40181','au.com.google.Flowdesk','2016-05-06','Closed','P2',67,22),('REQ40295','com.hexun.Cookley','2007-04-19','Open','P3',32,82),('REQ40340','com.blinklist.Subin','2013-11-27','Closed','P1',59,62),('REQ40348','com.jiathis.Asoka','2008-08-29','In Progress','P2',95,42),('REQ40386','jp.co.google.Alphazap','2020-12-06','In Progress','P3',35,98),('REQ40491','com.domainmarket.Zaam-Dox','2021-12-13','In Progress','P3',15,43),('REQ40588','uk.co.google.Span','2018-11-12','In Progress','P1',76,30),('REQ40607','com.alibaba.Konklux','2001-10-21','Closed','P2',54,61),('REQ40616','jp.jugem.Cookley','2019-05-22','Open','P2',21,38),('REQ40653','com.msn.Tampflex','2012-08-27','Closed','P2',24,46),('REQ40665','com.yolasite.Stim','2003-01-24','Closed','P3',27,20),('REQ40808','com.arstechnica.Rank','2019-12-23','In Progress','P2',42,45),('REQ41234','com.meetup.It','2014-05-18','Open','P2',75,64),('REQ41371','ru.vkontakte.Fix San','2016-03-22','In Progress','P2',91,57),('REQ41408','com.lycos.Rank','2004-12-20','In Progress','P2',85,78),('REQ41535','com.addtoany.Zathin','2014-11-02','Closed','P1',44,16),('REQ41537','com.statcounter.Zaam-Dox','2000-02-08','Closed','P2',48,68),('REQ41567','com.statcounter.Pannier','2008-07-24','In Progress','P2',65,73),('REQ41598','fr.pagesperso-orange.Ronstring','2014-09-24','Closed','P2',99,54),('REQ41670','edu.yale.Vagram','2008-04-27','Closed','P2',55,53),('REQ41799','com.accuweather.Daltfresh','2000-08-06','Closed','P2',18,1),('REQ41810','org.wikimedia.Tampflex','2003-06-01','In Progress','P2',8,99),('REQ41953','jp.geocities.Holdlamis','2013-10-14','Open','P1',90,1),('REQ42033','com.vistaprint.Zaam-Dox','2006-09-29','Closed','P2',36,17),('REQ42108','au.gov.oaic.Y-find','2021-02-07','In Progress','P2',45,18),('REQ42167','cn.gov.miitbeian.Tres-Zap','2004-11-15','Open','P2',93,82),('REQ42293','com.newyorker.Zathin','2006-12-03','Closed','P2',41,28),('REQ42431','com.cisco.Overhold','2015-04-20','Open','P1',15,26),('REQ42444','cn.com.people.Holdlamis','2005-07-08','Open','P2',65,70),('REQ42537','com.hp.Vagram','2004-03-13','Closed','P2',85,18),('REQ42637','com.prweb.Duobam','2016-05-29','In Progress','P1',38,33),('REQ42727','org.archive.Sonair','2009-04-16','Closed','P2',34,87),('REQ42746','com.bing.Cardify','2016-06-21','Closed','P1',12,24),('REQ42814','ru.odnoklassniki.Greenlam','2015-01-15','Closed','P2',36,23),('REQ42836','com.samsung.Home Ing','2014-07-12','Open','P2',89,11),('REQ43035','com.jimdo.Stringtough','2021-12-17','Closed','P2',4,33),('REQ43197','com.tripod.Subin','2016-06-10','Closed','P2',88,95),('REQ43270','cc.tiny.Solarbreeze','2003-10-16','In Progress','P3',59,59),('REQ43834','au.com.google.Aerified','2013-06-15','In Progress','P1',56,70),('REQ43913','com.walmart.Sub-Ex','2020-01-05','In Progress','P3',89,1),('REQ44048','tv.ustream.Stim','2014-03-04','In Progress','P2',46,63),('REQ44529','com.eventbrite.Sub-Ex','2019-07-14','In Progress','P2',79,90),('REQ44646','org.drupal.Bytecard','2010-06-01','Closed','P2',96,69),('REQ44837','com.devhub.Flowdesk','2007-08-05','Closed','P3',50,69),('REQ44959','com.nbcnews.Toughjoyfax','2016-01-11','Closed','P1',12,23),('REQ45024','com.delicious.Redhold','2013-12-16','Closed','P2',37,22),('REQ45091','com.squidoo.Daltfresh','2002-11-28','In Progress','P3',72,16),('REQ45200','com.tripadvisor.Tin','2017-11-01','In Progress','P2',95,53),('REQ45264','gov.irs.Vagram','2014-01-30','Closed','P2',1,14),('REQ45708','gov.state.Andalax','2009-02-19','In Progress','P2',86,92),('REQ45811','com.diigo.Zaam-Dox','2015-07-21','Closed','P2',30,65),('REQ45895','net.php.Lotstring','2022-12-13','In Progress','P2',66,37),('REQ46410','com.goodreads.Viva','2007-06-24','In Progress','P1',55,33),('REQ46459','org.unesco.Zoolab','2019-06-26','Closed','P2',55,21),('REQ46618','com.prnewswire.Sub-Ex','2001-08-12','In Progress','P2',20,74),('REQ46657','com.springer.Wrapsafe','2017-03-26','Closed','P2',68,74),('REQ46660','com.cnbc.Tampflex','2005-04-06','Open','P2',44,11),('REQ46824','com.boston.It','2008-06-14','Closed','P2',90,94),('REQ46840','com.stumbleupon.Subin','2011-03-29','In Progress','P3',87,93),('REQ47123','com.sogou.Tres-Zap','2003-10-26','In Progress','P2',45,45),('REQ47251','gov.usda.Greenlam','2014-06-17','Open','P3',21,19),('REQ47281','it.tuttocitta.Regrant','2022-11-10','Closed','P2',62,7),('REQ47362','gov.va.It','2002-11-09','Closed','P1',93,4),('REQ47430','gov.dot.Namfix','2012-08-09','Closed','P3',20,72),('REQ47479','com.apple.Mat Lam Tam','2003-12-16','Closed','P3',30,29),('REQ47534','br.com.uol.Sub-Ex','2018-06-18','Open','P2',77,38),('REQ47729','br.com.google.Daltfresh','2015-04-03','In Progress','P2',29,52),('REQ47932','com.dagondesign.Daltfresh','2015-09-17','Open','P2',65,80),('REQ48097','com.nymag.Zoolab','2009-01-16','Closed','P2',99,51),('REQ48140','com.over-blog.Namfix','2001-01-16','In Progress','P2',2,85),('REQ48213','com.accuweather.Fintone','2002-11-26','In Progress','P2',56,4),('REQ48289','com.howstuffworks.Cookley','2008-06-29','In Progress','P3',32,48),('REQ48349','ru.liveinternet.Bitchip','2012-05-19','In Progress','P2',15,35),('REQ48356','com.xing.Aerified','2005-12-13','Open','P2',23,48),('REQ48434','com.storify.Otcom','2020-09-29','In Progress','P2',39,34),('REQ48542','jp.jugem.Cookley','2022-08-05','In Progress','P2',84,83),('REQ49768','jp.ne.hatena.Redhold','2005-09-27','Open','P3',36,15),('REQ49775','com.scientificamerican.Voyatouch','2019-11-30','Open','P2',100,23),('REQ49810','com.xing.Viva','2021-04-27','In Progress','P2',65,24),('REQ49812','pl.google.Alphazap','2020-02-06','Closed','P2',94,53),('REQ49829','io.soup.Cardify','2018-06-23','In Progress','P3',24,39),('REQ49978','com.chron.Stronghold','2010-05-15','Closed','P2',60,22),('REQ50071','com.quantcast.Mat Lam Tam','2017-12-15','Open','P2',30,59),('REQ50453','com.bing.Fix San','2022-09-18','Open','P2',9,66),('REQ50533','com.cbslocal.Cardguard','2016-02-28','In Progress','P2',12,82),('REQ50621','com.msn.Y-find','2005-06-30','In Progress','P3',66,33),('REQ50716','com.webs.Matsoft','2022-01-16','In Progress','P2',78,85),('REQ50765','com.feedburner.Voyatouch','2006-06-19','Closed','P2',77,47),('REQ51173','com.webs.Ronstring','2020-09-09','In Progress','P3',96,9),('REQ51198','ru.liveinternet.Bitchip','2004-05-09','In Progress','P1',91,93),('REQ51342','edu.cmu.Rank','2011-06-19','Closed','P2',7,88),('REQ51343','com.addtoany.Flowdesk','2013-01-02','Open','P2',84,57),('REQ51598','edu.stanford.Home Ing','2020-11-06','In Progress','P3',51,25),('REQ51610','com.ted.Holdlamis','2009-04-02','Open','P2',15,24),('REQ51643','gov.usda.Voyatouch','2022-05-19','In Progress','P3',80,1),('REQ51808','jp.ne.dion.Tempsoft','2019-03-12','Open','P3',70,99),('REQ51925','org.slashdot.Rank','2001-01-06','Closed','P2',18,77),('REQ52030','au.gov.nsw.Asoka','2022-10-10','Closed','P3',2,62),('REQ52119','com.goodreads.Cardguard','2011-08-05','Closed','P2',53,31),('REQ52302','com.constantcontact.Zamit','2015-08-22','In Progress','P2',92,57),('REQ52377','com.sohu.Konklux','2013-03-01','In Progress','P2',87,27),('REQ52417','gov.cdc.Tin','2008-11-27','Closed','P2',4,4),('REQ52505','gov.loc.Flowdesk','2019-12-19','Closed','P1',86,47),('REQ52637','com.topsy.Cardguard','2011-02-21','Open','P2',2,48),('REQ52814','de.amazon.Stronghold','2004-02-06','In Progress','P2',11,83),('REQ52836','edu.wisc.Toughjoyfax','2019-01-22','Open','P2',92,55),('REQ53050','com.constantcontact.Matsoft','2020-07-26','Open','P3',62,12),('REQ53254','com.zdnet.Vagram','2002-02-07','Open','P2',48,76),('REQ53263','com.ebay.Vagram','2010-09-25','Closed','P2',56,43),('REQ53318','com.amazonaws.Voyatouch','2008-01-25','Closed','P2',79,53),('REQ53410','com.aol.Duobam','2021-01-12','In Progress','P2',8,83),('REQ53411','jp.co.amazon.Rank','2002-02-12','Closed','P1',41,75),('REQ53514','com.mtv.Home Ing','2001-11-22','In Progress','P2',85,31),('REQ53530','com.indiatimes.Stringtough','2010-06-08','Open','P3',21,78),('REQ53539','br.com.google.Job','2009-11-01','In Progress','P2',6,87),('REQ53710','de.amazon.Lotlux','2001-12-18','Open','P1',76,30),('REQ53729','tv.ustream.Y-find','2001-01-24','In Progress','P1',24,100),('REQ53739','gov.va.Cardify','2010-10-02','Closed','P1',24,40),('REQ53794','com.cisco.Voyatouch','2017-02-04','Closed','P2',79,12),('REQ53849','com.ask.Zontrax','2019-02-20','In Progress','P3',70,14),('REQ53871','com.cnbc.Holdlamis','2011-05-25','Closed','P2',100,24),('REQ53974','com.opera.Viva','2000-03-19','Closed','P3',61,7),('REQ54026','com.indiegogo.Trippledex','2018-08-21','Closed','P2',90,89),('REQ54029','de.amazon.Keylex','2014-06-24','In Progress','P2',60,28),('REQ54056','gov.ed.Regrant','2011-10-17','Closed','P3',77,56),('REQ54129','cn.com.china.Hatity','2002-06-24','Closed','P2',47,31),('REQ54191','com.over-blog.Konklux','2022-03-03','In Progress','P2',72,7),('REQ54347','cn.desdev.Lotlux','2006-01-12','Open','P1',17,97),('REQ54406','com.tripadvisor.Tempsoft','2007-12-13','In Progress','P2',100,49),('REQ54466','net.themeforest.Transcof','2017-07-13','Open','P2',91,63),('REQ54471','edu.upenn.Domainer','2001-01-28','Closed','P3',86,64),('REQ54490','edu.ucla.Sonsing','2010-06-20','In Progress','P1',27,79),('REQ54570','com.sciencedirect.Andalax','2020-02-04','In Progress','P1',91,21),('REQ54724','com.surveymonkey.Toughjoyfax','2017-05-15','Open','P1',32,90),('REQ54729','com.discovery.Holdlamis','2005-01-24','In Progress','P2',12,21),('REQ54767','com.mashable.Bamity','2002-03-08','In Progress','P3',76,86),('REQ54811','com.typepad.Span','2015-06-09','Open','P2',30,70),('REQ54944','com.cocolog-nifty.Hatity','2018-03-03','Open','P2',88,36),('REQ55060','com.blogtalkradio.Bitwolf','2004-12-10','Closed','P2',32,49),('REQ55184','net.ovh.Sonair','2006-08-23','In Progress','P2',14,88),('REQ55209','gov.hhs.Quo Lux','2011-03-10','In Progress','P1',26,92),('REQ55246','com.theglobeandmail.Cardify','2002-05-06','Closed','P3',13,10),('REQ55296','org.wikipedia.Latlux','2019-12-23','Closed','P2',11,30),('REQ55336','com.opera.Domainer','2008-01-28','Closed','P2',97,46),('REQ55386','com.dropbox.Andalax','2003-04-02','Closed','P2',54,44),('REQ55414','com.photobucket.Opela','2004-09-20','In Progress','P2',93,73),('REQ55494','com.example.Rank','2021-10-22','In Progress','P3',39,49),('REQ55506','com.patch.Overhold','2016-03-17','In Progress','P2',40,8),('REQ55733','gov.va.Latlux','2011-08-16','In Progress','P2',23,26),('REQ55757','net.discuz.Tampflex','2017-06-20','Closed','P1',82,24),('REQ55807','com.webnode.Ventosanzap','2016-02-01','Closed','P2',19,62),('REQ56162','com.bloglovin.Bigtax','2017-07-19','In Progress','P2',12,47),('REQ56177','net.jalbum.Prodder','2006-01-08','Closed','P3',47,57),('REQ56295','com.nymag.Regrant','2000-04-29','In Progress','P3',25,10),('REQ56439','com.zdnet.Bitwolf','2002-05-25','Closed','P1',12,81),('REQ56445','com.mlb.Vagram','2021-05-29','In Progress','P2',41,36),('REQ56446','com.angelfire.Toughjoyfax','2020-12-02','Closed','P1',46,80),('REQ56522','com.example.Overhold','2014-07-24','Closed','P1',29,16),('REQ56754','com.hao123.Zathin','2013-01-20','Closed','P3',68,40),('REQ56839','com.wikia.Cookley','2020-06-24','Open','P2',5,17),('REQ56870','com.goodreads.Flexidy','2001-12-01','In Progress','P2',49,53),('REQ56889','org.bbb.Rank','2003-07-14','Open','P2',10,92),('REQ57021','pl.home.Alphazap','2012-02-15','In Progress','P2',49,77),('REQ57040','gov.usda.Greenlam','2015-07-26','In Progress','P1',94,40),('REQ57098','uk.ac.ox.Tin','2016-04-10','In Progress','P3',77,49),('REQ57125','com.omniture.Bamity','2014-10-13','In Progress','P2',54,13),('REQ57136','edu.upenn.Otcom','2017-05-18','Closed','P2',27,94),('REQ57284','com.buzzfeed.Fixflex','2012-03-19','In Progress','P1',48,94),('REQ57344','com.webmd.Flexidy','2003-02-02','Closed','P2',31,29),('REQ57367','gov.va.Latlux','2005-01-28','Closed','P2',65,83),('REQ57476','com.rediff.Biodex','2018-06-18','Closed','P2',88,32),('REQ57602','me.flavors.Wrapsafe','2016-03-26','In Progress','P2',91,65),('REQ57676','com.buzzfeed.Lotstring','2006-05-04','In Progress','P2',66,7),('REQ57739','gov.ca.Span','2004-10-17','Closed','P1',36,96),('REQ57749','com.stumbleupon.Zathin','2017-03-24','Closed','P2',36,73),('REQ57818','ru.narod.Fix San','2002-07-14','In Progress','P3',79,92),('REQ57908','com.businessweek.Rank','2003-10-10','In Progress','P2',100,56),('REQ57920','com.reddit.Lotlux','2002-01-09','In Progress','P2',87,26),('REQ58121','com.booking.Pannier','2018-09-06','Open','P2',13,10),('REQ58165','com.baidu.Toughjoyfax','2016-04-08','Closed','P3',75,45),('REQ58199','cc.tiny.Treeflex','2014-11-24','Closed','P2',92,73),('REQ58314','com.sun.Voltsillam','2019-10-08','In Progress','P2',90,32),('REQ58321','com.nationalgeographic.Redhold','2006-06-14','Closed','P2',77,91),('REQ58676','net.ovh.Voyatouch','2011-07-19','Open','P2',77,91),('REQ58683','com.paypal.Tempsoft','2015-03-15','In Progress','P2',81,97),('REQ58909','com.dropbox.Cardify','2010-02-24','Closed','P3',21,73),('REQ58971','br.com.uol.Voyatouch','2000-11-14','Closed','P3',79,75),('REQ59023','com.netlog.Bitchip','2016-11-12','Closed','P2',77,5),('REQ59575','com.ask.Otcom','2022-10-09','In Progress','P2',22,67),('REQ59805','de.spiegel.Transcof','2013-09-01','In Progress','P2',19,73),('REQ59834','uk.co.google.Voyatouch','2012-01-10','In Progress','P2',11,83),('REQ59969','uk.co.timesonline.Kanlam','2000-09-30','In Progress','P3',11,98),('REQ60177','com.imdb.Latlux','2008-05-01','In Progress','P3',98,44),('REQ60249','com.macromedia.Regrant','2006-11-24','In Progress','P2',93,55),('REQ60265','edu.arizona.Zamit','2019-03-25','Closed','P2',6,4),('REQ60454','com.stumbleupon.Sub-Ex','2020-12-19','Open','P1',7,43),('REQ60549','uk.co.telegraph.Matsoft','2019-09-04','Closed','P2',85,78),('REQ60580','com.wix.Biodex','2004-06-28','Closed','P3',44,8),('REQ61068','org.prlog.Tin','2017-03-06','Open','P2',29,98),('REQ61112','com.walmart.Ronstring','2015-12-28','Closed','P2',97,51),('REQ61197','ru.odnoklassniki.Bamity','2006-04-20','In Progress','P2',58,63),('REQ61557','com.lycos.Lotlux','2022-10-31','Open','P2',92,47),('REQ61568','com.tripadvisor.Zaam-Dox','2015-08-26','In Progress','P2',36,36),('REQ61607','com.deliciousdays.Y-Solowarm','2005-05-21','In Progress','P1',77,1),('REQ61638','com.bloomberg.Ventosanzap','2020-06-02','Closed','P2',74,12),('REQ61672','com.mashable.Aerified','2005-07-24','In Progress','P2',81,49),('REQ61676','com.theglobeandmail.Zoolab','2004-12-23','Closed','P2',33,10),('REQ61724','com.springer.Fintone','2006-07-16','Open','P2',85,54),('REQ61762','com.tinypic.Lotstring','2013-11-05','Closed','P2',46,24),('REQ61822','com.xrea.Quo Lux','2017-11-07','Open','P2',28,94),('REQ62104','com.yellowbook.It','2015-01-02','In Progress','P2',6,71),('REQ62202','com.mac.Sonsing','2013-08-04','In Progress','P1',65,42),('REQ62276','com.scientificamerican.Sonsing','2013-09-01','In Progress','P1',47,81),('REQ62408','com.tripadvisor.Stringtough','2016-08-29','Closed','P2',20,41),('REQ62410','com.go.Y-Solowarm','2009-10-14','Closed','P2',29,31),('REQ62503','me.flavors.Bytecard','2022-06-19','In Progress','P2',53,41),('REQ62557','com.cafepress.Keylex','2003-07-01','In Progress','P1',52,56),('REQ62595','com.tinyurl.Mat Lam Tam','2006-03-31','In Progress','P2',42,27),('REQ62600','ru.odnoklassniki.Flexidy','2021-09-09','Closed','P1',39,61),('REQ62728','org.bbb.Regrant','2017-09-24','Closed','P2',56,17),('REQ62804','net.discuz.Bytecard','2013-02-09','Open','P2',33,96),('REQ63096','com.biblegateway.Veribet','2016-10-14','Open','P2',4,49),('REQ63189','com.deliciousdays.Cardify','2021-09-25','Closed','P2',13,48),('REQ63250','cn.com.china.Rank','2008-06-19','Closed','P1',58,90),('REQ63375','com.booking.Daltfresh','2006-01-23','Closed','P2',31,10),('REQ63399','gov.usgs.Toughjoyfax','2009-12-24','In Progress','P2',49,55),('REQ63446','com.boston.Tres-Zap','2016-01-05','In Progress','P2',47,24),('REQ63547','com.vimeo.Holdlamis','2022-01-07','In Progress','P2',8,86),('REQ63572','com.ask.Bigtax','2021-03-30','Closed','P2',79,30),('REQ63930','edu.arizona.Opela','2014-03-13','In Progress','P2',35,85),('REQ63950','cn.gov.miitbeian.Greenlam','2005-12-27','Closed','P2',51,77),('REQ64075','jp.ne.so-net.Redhold','2019-12-03','In Progress','P2',94,62),('REQ64128','jp.co.google.Cardguard','2010-03-08','In Progress','P2',53,63),('REQ64153','us.icio.Bitwolf','2022-01-03','In Progress','P2',99,66),('REQ64231','org.prlog.Voyatouch','2011-06-27','Closed','P2',40,88),('REQ64251','com.friendfeed.Cookley','2012-06-02','In Progress','P2',92,27),('REQ64323','com.shutterfly.Bigtax','2001-08-24','In Progress','P3',55,63),('REQ64324','com.qq.Fixflex','2004-07-01','In Progress','P3',20,15),('REQ64385','com.chron.Aerified','2022-09-17','In Progress','P2',40,15),('REQ64498','uk.ac.cam.Fixflex','2015-07-21','In Progress','P2',17,20),('REQ64556','edu.nyu.Tres-Zap','2016-07-09','In Progress','P2',86,75),('REQ64580','com.macromedia.Sonair','2019-09-14','Closed','P3',81,11),('REQ64591','jp.co.yahoo.Alphazap','2008-05-10','In Progress','P2',56,74),('REQ64618','com.taobao.Opela','2000-11-16','Closed','P1',80,9),('REQ64802','com.yelp.Tres-Zap','2019-01-26','Open','P1',19,29),('REQ65314','com.dagondesign.Konklab','2013-07-25','Closed','P2',87,77),('REQ65617','fr.pagesperso-orange.Sonair','2007-12-02','In Progress','P2',36,62),('REQ65880','com.cnet.Alphazap','2007-07-30','Open','P3',73,71),('REQ65994','com.mayoclinic.Sonair','2002-12-19','Closed','P2',32,74),('REQ66121','uk.co.thetimes.Overhold','2002-02-05','In Progress','P2',8,8),('REQ66385','com.webnode.Bytecard','2009-09-17','Open','P2',100,98),('REQ66387','gl.goo.Flexidy','2008-10-11','In Progress','P3',56,50),('REQ66438','com.hp.Wrapsafe','2018-12-11','Open','P2',47,20),('REQ66592','au.net.abc.Stringtough','2020-10-03','Open','P3',77,23),('REQ66687','com.seattletimes.Bamity','2015-01-05','In Progress','P2',50,11),('REQ67208','au.com.smh.Kanlam','2006-12-12','Closed','P3',5,13),('REQ67318','edu.utexas.Cardify','2012-01-15','In Progress','P2',77,82),('REQ67397','com.time.Lotlux','2017-07-03','Closed','P2',2,83),('REQ67411','cn.com.china.Transcof','2001-03-22','Closed','P2',31,70),('REQ67433','org.redcross.Rank','2007-12-30','Closed','P3',6,90),('REQ67475','gov.usa.Tempsoft','2002-03-12','Open','P2',61,87),('REQ67514','com.shinystat.Temp','2016-05-15','In Progress','P2',92,71),('REQ67581','com.nbcnews.Tin','2012-08-02','In Progress','P2',97,48),('REQ67631','org.redcross.Domainer','2007-07-19','Closed','P3',87,99),('REQ67649','com.oakley.Tempsoft','2008-04-19','In Progress','P2',9,47),('REQ67718','com.tinyurl.Matsoft','2012-09-03','In Progress','P2',99,83),('REQ67783','de.t-online.Span','2018-08-21','In Progress','P2',23,3),('REQ67786','uk.co.telegraph.Tampflex','2014-05-04','Open','P2',98,25),('REQ67987','com.squarespace.Fixflex','2013-06-16','Open','P2',82,8),('REQ68175','com.tumblr.Matsoft','2020-01-14','Closed','P2',99,13),('REQ68243','org.wordpress.Flowdesk','2004-03-07','Open','P2',11,54),('REQ68363','com.dropbox.Transcof','2014-01-01','Closed','P2',22,93),('REQ68440','com.topsy.Solarbreeze','2021-01-20','In Progress','P2',90,83),('REQ68569','com.bravesites.Konklab','2012-05-12','Open','P2',37,68),('REQ68786','org.opensource.Subin','2020-09-07','In Progress','P2',52,94),('REQ68933','com.shareasale.Konklab','2021-06-08','In Progress','P2',40,34),('REQ68968','com.latimes.Home Ing','2005-07-30','Closed','P1',72,40),('REQ69163','com.wordpress.Biodex','2008-06-24','Closed','P2',49,87),('REQ69262','de.t-online.Regrant','2010-11-13','Closed','P2',53,16),('REQ69436','com.vk.Regrant','2016-06-21','In Progress','P2',11,21),('REQ69499','edu.virginia.Pannier','2005-12-28','In Progress','P2',96,33),('REQ69547','com.tumblr.Cardify','2013-08-01','In Progress','P3',55,76),('REQ69563','gov.house.Span','2016-11-26','Open','P2',44,7),('REQ69575','com.ft.Latlux','2013-02-18','In Progress','P1',34,12),('REQ69609','gov.hhs.Viva','2010-01-14','In Progress','P1',53,89),('REQ69885','org.wordpress.Temp','2013-09-10','Open','P1',73,51),('REQ69953','com.booking.Duobam','2004-05-27','Closed','P3',78,4),('REQ70116','com.multiply.Andalax','2010-10-15','Closed','P1',23,3),('REQ70134','com.blogspot.Bitwolf','2022-10-26','In Progress','P2',69,37),('REQ70136','com.wufoo.Kanlam','2003-12-21','Closed','P1',29,52),('REQ70195','com.time.Solarbreeze','2005-04-07','Open','P2',39,45),('REQ70299','com.answers.Veribet','2022-03-17','In Progress','P2',48,55),('REQ70461','com.ibm.Sonsing','2003-01-18','Closed','P3',84,74),('REQ70536','com.storify.Cardguard','2014-01-25','In Progress','P2',89,52),('REQ70590','au.gov.privacy.Andalax','2011-04-06','In Progress','P3',85,63),('REQ70614','org.altervista.Stim','2011-01-02','In Progress','P2',9,58),('REQ70628','org.wordpress.Temp','2022-11-21','In Progress','P3',55,18),('REQ70828','com.disqus.Namfix','2020-04-20','Closed','P2',50,9),('REQ70959','com.newyorker.Prodder','2013-03-26','Closed','P3',41,5),('REQ70968','com.hexun.Andalax','2011-09-05','Closed','P2',93,92),('REQ71186','com.ifeng.Vagram','2003-02-19','In Progress','P2',19,63),('REQ71237','jp.shop-pro.Alphazap','2021-12-05','In Progress','P3',17,84),('REQ71333','com.go.It','2009-02-15','Open','P1',23,84),('REQ71384','com.quantcast.Hatity','2018-11-14','In Progress','P1',4,56),('REQ71604','com.kickstarter.Zaam-Dox','2000-09-04','In Progress','P2',30,58),('REQ71634','com.yolasite.Redhold','2011-03-19','In Progress','P2',74,83),('REQ71716','com.wufoo.Prodder','2004-04-25','Closed','P2',66,22),('REQ71729','com.ifeng.Zoolab','2020-08-23','In Progress','P2',67,21),('REQ71740','cn.gov.miitbeian.Konklab','2000-10-27','Closed','P2',76,70),('REQ71872','com.cnn.Fintone','2008-11-20','Closed','P2',46,23),('REQ71921','cc.tiny.Vagram','2013-02-28','In Progress','P3',36,95),('REQ71976','com.deviantart.Stim','2022-09-06','Open','P2',32,82),('REQ72130','uk.co.guardian.Span','2003-08-29','In Progress','P2',42,27),('REQ72292','com.artisteer.Trippledex','2002-05-13','Closed','P2',71,5),('REQ72338','com.blogs.Holdlamis','2016-09-06','In Progress','P3',17,78),('REQ72597','com.weebly.Konklab','2012-10-09','Closed','P2',74,6),('REQ72633','gov.ed.Lotstring','2018-06-16','In Progress','P2',13,92),('REQ72700','com.microsoft.Tempsoft','2016-07-23','Closed','P1',10,1),('REQ72831','com.cbslocal.Otcom','2004-09-04','Closed','P2',47,88),('REQ72911','com.nymag.Asoka','2020-10-01','Closed','P2',37,91),('REQ72918','com.nydailynews.Bitchip','2019-07-15','In Progress','P1',57,89),('REQ72995','com.bing.Regrant','2001-10-30','Closed','P2',29,59),('REQ73053','com.istockphoto.Zaam-Dox','2001-09-08','Open','P2',33,60),('REQ73160','com.cisco.Y-Solowarm','2014-11-30','Closed','P2',87,85),('REQ73169','com.canalblog.Vagram','2009-04-03','Closed','P3',52,1),('REQ73188','ru.odnoklassniki.Otcom','2015-02-26','In Progress','P1',66,41),('REQ73315','com.nifty.Treeflex','2001-11-03','In Progress','P2',4,100),('REQ73422','com.facebook.Y-find','2001-02-01','Open','P2',35,66),('REQ73525','org.altervista.Fixflex','2014-10-08','In Progress','P2',48,53),('REQ73791','com.engadget.Zaam-Dox','2005-12-19','Open','P1',85,76),('REQ73843','com.shinystat.Bigtax','2018-06-28','Closed','P2',27,56),('REQ73912','uk.co.telegraph.Stringtough','2011-07-16','Closed','P2',70,77),('REQ74061','com.sciencedaily.Zathin','2000-12-22','Open','P2',19,50),('REQ74163','com.mapquest.Namfix','2002-06-16','In Progress','P1',21,5),('REQ74187','net.behance.Span','2007-02-21','In Progress','P3',63,41),('REQ74200','jp.ne.hatena.Sonair','2009-11-01','Closed','P2',51,27),('REQ74264','com.about.Holdlamis','2007-02-17','Open','P2',37,95),('REQ74428','org.simplemachines.Tresom','2017-10-19','Closed','P2',7,74),('REQ74436','cn.desdev.Tresom','2005-08-04','In Progress','P2',47,66),('REQ74723','com.hao123.Y-Solowarm','2013-06-01','In Progress','P2',89,40),('REQ74828','com.mtv.Hatity','2016-04-18','In Progress','P3',16,95),('REQ75041','com.naver.Bigtax','2007-05-09','Closed','P3',17,16),('REQ75195','com.shutterfly.Pannier','2002-08-13','In Progress','P2',24,82),('REQ75531','com.fastcompany.Latlux','2000-04-12','In Progress','P2',93,33),('REQ75547','pl.google.Ronstring','2019-05-02','Closed','P1',18,4),('REQ75624','au.net.abc.Tin','2018-08-24','In Progress','P2',61,10),('REQ75751','org.prlog.Konklux','2021-12-18','Closed','P2',57,8),('REQ75828','org.dmoz.Temp','2021-12-24','In Progress','P1',26,24),('REQ75968','com.typepad.Keylex','2002-08-09','In Progress','P3',21,65),('REQ75986','uk.gov.Holdlamis','2013-03-04','In Progress','P2',65,5),('REQ76074','com.springer.Ronstring','2004-09-14','In Progress','P2',24,81),('REQ76145','us.imageshack.Treeflex','2004-06-23','In Progress','P1',99,57),('REQ76342','com.sitemeter.Zamit','2009-01-18','In Progress','P2',90,21),('REQ76431','com.fastcompany.Keylex','2007-10-15','In Progress','P2',20,84),('REQ76485','gov.ed.Kanlam','2001-08-20','Open','P2',95,22),('REQ76513','com.meetup.Lotlux','2003-11-10','Closed','P2',47,96),('REQ76558','com.disqus.Asoka','2021-04-22','Closed','P1',68,25),('REQ76619','org.dmoz.Job','2008-08-04','Closed','P3',94,38),('REQ76788','gov.epa.Trippledex','2020-11-13','In Progress','P2',95,46),('REQ76836','com.wsj.Fix San','2001-07-18','In Progress','P2',27,8),('REQ76845','gov.va.Temp','2013-05-23','In Progress','P2',10,80),('REQ77212','com.feedburner.Greenlam','2004-11-14','Closed','P2',32,25),('REQ77263','cz.toplist.Greenlam','2009-06-17','In Progress','P1',79,34),('REQ77269','net.earthlink.Fix San','2005-11-17','Closed','P2',66,13),('REQ77483','fr.google.Pannier','2012-09-15','Closed','P2',78,47),('REQ77627','com.meetup.Zoolab','2001-12-07','In Progress','P2',65,26),('REQ77634','uk.co.webeden.Alpha','2011-11-08','Closed','P1',80,69),('REQ77724','edu.virginia.Voltsillam','2015-12-08','In Progress','P3',8,72),('REQ77783','com.fotki.Lotstring','2014-02-08','Open','P1',67,12),('REQ77912','gov.noaa.Tres-Zap','2018-06-09','Closed','P1',61,44),('REQ77951','com.imgur.Wrapsafe','2021-12-05','In Progress','P3',19,92),('REQ78231','cn.gov.miitbeian.Tres-Zap','2013-06-13','Open','P2',33,75),('REQ78331','org.unicef.Job','2002-04-28','Open','P1',52,78),('REQ78451','edu.utexas.Stim','2017-08-06','In Progress','P2',5,90),('REQ78663','com.hc360.Overhold','2009-06-14','In Progress','P2',27,44),('REQ78713','fr.free.Tempsoft','2010-10-20','Open','P2',35,91),('REQ78760','org.un.Stringtough','2009-12-21','Closed','P2',47,18),('REQ78919','com.oracle.Flowdesk','2021-03-10','In Progress','P2',60,74),('REQ78978','com.meetup.Alpha','2008-05-16','Closed','P2',39,70),('REQ79097','ru.rambler.Bitchip','2006-08-13','Closed','P2',4,31),('REQ79162','com.bloomberg.Tin','2007-03-06','In Progress','P2',2,94),('REQ79305','com.alexa.Sonair','2007-03-20','In Progress','P2',78,92),('REQ79375','com.pinterest.Quo Lux','2009-11-04','In Progress','P3',87,53),('REQ79594','ru.odnoklassniki.Cardguard','2001-10-29','In Progress','P2',96,8),('REQ79611','com.instagram.Duobam','2007-08-03','Closed','P2',78,79),('REQ79724','com.netscape.Fix San','2000-12-30','Open','P3',72,74),('REQ80297','fr.unblog.Andalax','2007-07-17','Open','P3',93,32),('REQ80454','hk.com.google.Matsoft','2020-06-15','In Progress','P2',56,87),('REQ80657','org.unesco.Voltsillam','2008-02-06','Closed','P2',48,96),('REQ80690','edu.cornell.Konklux','2016-03-28','In Progress','P2',42,77),('REQ81075','com.comsenz.Ronstring','2007-03-14','In Progress','P2',33,76),('REQ81242','jp.jugem.Y-Solowarm','2002-06-02','In Progress','P1',65,5),('REQ81266','com.ycombinator.Transcof','2007-07-29','In Progress','P1',24,11),('REQ81276','net.jalbum.Cardguard','2007-05-03','In Progress','P3',70,34),('REQ81279','ru.mail.Zontrax','2022-04-23','In Progress','P2',63,85),('REQ81292','com.yellowpages.Mat Lam Tam','2005-08-05','Closed','P3',76,28),('REQ81420','cz.phoca.Konklab','2000-06-27','In Progress','P2',82,52),('REQ81428','gov.ca.Temp','2012-05-31','In Progress','P1',29,9),('REQ81474','jp.japanpost.Fixflex','2022-05-28','In Progress','P2',18,98),('REQ81479','net.clickbank.Sonsing','2014-11-05','In Progress','P2',83,44),('REQ81686','com.dailymotion.Wrapsafe','2009-07-18','In Progress','P3',49,43),('REQ81797','com.constantcontact.Subin','2001-05-30','In Progress','P1',23,68),('REQ82232','com.imgur.Solarbreeze','2008-04-11','In Progress','P2',33,3),('REQ82325','com.wp.Mat Lam Tam','2001-12-16','In Progress','P3',65,17),('REQ82390','edu.arizona.Zoolab','2009-05-29','In Progress','P2',44,6),('REQ82559','com.squarespace.Regrant','2021-06-06','In Progress','P3',53,93),('REQ82731','com.chicagotribune.Latlux','2010-08-03','In Progress','P2',25,97),('REQ82736','hk.com.google.Y-find','2016-03-23','In Progress','P2',23,12),('REQ82846','com.webmd.Wrapsafe','2015-12-12','Open','P2',3,24),('REQ82983','it.google.Tres-Zap','2019-12-16','In Progress','P3',72,80),('REQ83091','com.comsenz.Bigtax','2010-05-01','In Progress','P2',46,90),('REQ83261','me.about.Quo Lux','2018-10-04','Closed','P2',87,70),('REQ83270','net.behance.Toughjoyfax','2000-02-12','Open','P2',65,8),('REQ83339','com.tripadvisor.Veribet','2000-05-13','In Progress','P2',93,60),('REQ83509','com.amazonaws.Bitchip','2005-01-21','Open','P2',80,76),('REQ83685','hk.com.google.Bitwolf','2017-10-30','In Progress','P2',35,30),('REQ83690','com.twitpic.Regrant','2010-09-08','In Progress','P1',25,95),('REQ83726','com.comsenz.Solarbreeze','2020-06-11','Closed','P2',100,24),('REQ83758','vu.de.Voltsillam','2013-12-04','In Progress','P2',68,46),('REQ84188','edu.harvard.Latlux','2006-11-20','In Progress','P2',86,73),('REQ84311','com.mayoclinic.Wrapsafe','2012-09-15','In Progress','P1',12,39),('REQ84558','edu.upenn.Rank','2002-08-25','Closed','P3',42,31),('REQ84621','edu.upenn.Bigtax','2014-06-05','In Progress','P2',41,18),('REQ84849','com.mac.Y-find','2006-05-21','Open','P3',8,37),('REQ84873','com.addthis.Namfix','2018-06-19','Open','P2',40,51),('REQ84894','la.51.Stronghold','2022-05-15','In Progress','P1',92,53),('REQ84931','com.wix.Trippledex','2002-02-13','In Progress','P2',77,93),('REQ84967','pl.home.Rank','2018-03-14','In Progress','P2',56,67),('REQ85139','edu.virginia.Voltsillam','2012-11-23','Closed','P2',20,65),('REQ85502','org.slashdot.Zaam-Dox','2005-08-22','In Progress','P2',88,78),('REQ85547','com.ft.Rank','2022-08-03','In Progress','P3',85,3),('REQ85563','com.nifty.Zathin','2012-05-24','Closed','P2',4,94),('REQ85618','com.instagram.Tempsoft','2018-09-18','In Progress','P2',2,85),('REQ85765','com.feedburner.Sub-Ex','2018-10-14','Closed','P2',19,69),('REQ85786','com.gizmodo.Fix San','2015-10-14','In Progress','P1',12,57),('REQ85797','org.bbb.Flowdesk','2008-07-25','In Progress','P3',18,30),('REQ85921','com.goodreads.Stim','2006-04-06','Closed','P2',96,82),('REQ85938','jp.shop-pro.Cookley','2014-05-14','Open','P2',38,86),('REQ86014','com.vistaprint.Prodder','2000-02-27','Closed','P2',73,38),('REQ86018','ru.rambler.Y-find','2017-09-27','Open','P3',49,6),('REQ86035','it.tuttocitta.Konklux','2000-08-31','In Progress','P2',97,24),('REQ86042','com.blog.Bitwolf','2013-08-03','In Progress','P3',98,42),('REQ86089','com.shareasale.Lotstring','2013-04-30','Closed','P2',37,74),('REQ86250','edu.cornell.Bitchip','2011-07-05','Closed','P1',9,62),('REQ86308','com.surveymonkey.Lotstring','2003-03-31','Closed','P2',24,82),('REQ86539','com.soundcloud.Holdlamis','2018-04-05','Closed','P2',79,81),('REQ86757','net.themeforest.Tempsoft','2011-01-24','Closed','P2',38,19),('REQ86815','com.forbes.Zamit','2009-04-17','Closed','P2',36,22),('REQ87044','com.skype.Keylex','2022-01-23','Open','P2',14,80),('REQ87048','com.godaddy.Bigtax','2007-02-15','In Progress','P2',55,36),('REQ87088','edu.msu.Prodder','2017-02-18','In Progress','P3',66,19),('REQ87158','com.etsy.Pannier','2017-09-01','Open','P3',18,20),('REQ87167','com.youku.Veribet','2015-11-04','Open','P1',75,78),('REQ87299','com.kickstarter.Kanlam','2015-10-18','Open','P2',95,99),('REQ87524','net.seesaa.Veribet','2015-12-29','In Progress','P2',89,80),('REQ87837','com.yahoo.Transcof','2018-11-06','In Progress','P3',60,56),('REQ87852','com.latimes.Sonsing','2009-02-26','Closed','P2',52,23),('REQ87962','org.wikimedia.Sub-Ex','2014-05-28','Closed','P2',93,75),('REQ87981','com.mozilla.Regrant','2012-05-15','Closed','P2',100,22),('REQ88060','com.mozilla.Home Ing','2002-10-30','In Progress','P2',67,42),('REQ88167','com.reference.Y-Solowarm','2003-12-03','In Progress','P2',26,55),('REQ88199','uk.gov.Fintone','2003-05-08','In Progress','P3',86,17),('REQ88402','au.com.smh.Opela','2007-01-04','In Progress','P3',54,12),('REQ88475','org.slashdot.Asoka','2001-12-09','In Progress','P2',59,99),('REQ88627','cn.desdev.Transcof','2013-08-11','In Progress','P3',9,91),('REQ88772','ru.rambler.Latlux','2010-11-06','Open','P2',81,12),('REQ88788','com.phpbb.It','2022-09-17','Closed','P2',51,59),('REQ88852','com.sphinn.Sonair','2018-03-15','Closed','P3',64,30),('REQ88902','br.com.google.Stronghold','2021-11-01','In Progress','P2',59,84),('REQ88911','com.dropbox.Sub-Ex','2010-04-07','In Progress','P2',97,80),('REQ89086','com.nifty.Konklab','2002-05-06','In Progress','P2',64,91),('REQ89392','org.wordpress.Vagram','2017-01-26','In Progress','P3',100,43),('REQ89410','io.soup.Y-Solowarm','2021-04-26','Closed','P2',74,25),('REQ89511','com.adobe.Wrapsafe','2011-07-03','Closed','P2',21,57),('REQ89641','com.cisco.Tres-Zap','2022-01-31','In Progress','P2',68,22),('REQ89652','com.wiley.Namfix','2002-05-28','In Progress','P2',73,62),('REQ89721','com.over-blog.Sub-Ex','2019-08-25','In Progress','P2',74,19),('REQ89756','au.com.smh.Konklux','2004-07-17','Closed','P2',45,1),('REQ89763','net.sourceforge.Y-Solowarm','2002-08-19','Closed','P3',3,51),('REQ89765','com.springer.Overhold','2016-08-29','In Progress','P2',75,70),('REQ89848','com.wiley.Matsoft','2015-12-06','Closed','P1',75,98),('REQ89966','com.wp.Opela','2002-11-14','Closed','P2',10,17),('REQ90065','com.twitter.Sub-Ex','2018-12-25','Closed','P2',96,7),('REQ90146','au.gov.nsw.Bytecard','2013-10-22','Open','P2',88,26),('REQ90198','com.zdnet.Biodex','2010-02-27','Closed','P2',20,4),('REQ90240','org.edublogs.Andalax','2009-02-01','In Progress','P2',39,14),('REQ90362','com.oracle.Toughjoyfax','2007-11-14','Closed','P1',90,16),('REQ90384','com.salon.Fixflex','2015-11-19','Closed','P1',54,54),('REQ90516','jp.co.google.Sonsing','2022-04-25','In Progress','P3',29,75),('REQ90770','com.hibu.Veribet','2003-11-17','In Progress','P2',14,17),('REQ90815','com.yolasite.Zathin','2022-04-23','Open','P2',5,3),('REQ90819','cz.mapy.Tempsoft','2011-11-28','Closed','P2',64,25),('REQ90826','jp.japanpost.Hatity','2011-07-07','In Progress','P1',51,64),('REQ90843','com.etsy.Bigtax','2015-09-04','In Progress','P1',26,26),('REQ90956','com.imgur.Konklab','2021-03-29','Closed','P3',81,94),('REQ91049','com.mapquest.Lotlux','2005-06-13','In Progress','P3',21,69),('REQ91105','uk.ac.ox.Opela','2018-06-03','Closed','P1',57,77),('REQ91214','com.adobe.Ronstring','2007-03-05','Closed','P2',8,37),('REQ91310','com.technorati.Vagram','2005-10-13','Open','P1',43,90),('REQ91352','com.usatoday.Aerified','2022-04-10','Open','P2',20,52),('REQ91405','com.wikia.Mat Lam Tam','2005-03-17','In Progress','P1',50,98),('REQ91603','com.elegantthemes.Toughjoyfax','2001-10-01','In Progress','P2',4,30),('REQ91672','us.tx.state.Job','2008-01-21','Open','P2',84,98),('REQ91759','com.nbcnews.Aerified','2000-04-01','Closed','P2',3,1),('REQ91908','edu.mit.Latlux','2016-08-02','In Progress','P2',36,15),('REQ91936','com.livejournal.Gembucket','2001-04-09','Closed','P3',93,4),('REQ91976','org.un.Toughjoyfax','2004-05-14','Closed','P1',47,31),('REQ91978','com.dagondesign.Redhold','2009-12-24','Open','P1',57,31),('REQ92011','com.engadget.Vagram','2022-09-17','In Progress','P3',36,45),('REQ92274','com.cdbaby.Span','2011-04-26','Closed','P2',19,80),('REQ92282','fr.free.Zaam-Dox','2017-10-15','Closed','P2',96,59),('REQ92486','com.alibaba.Andalax','2011-04-29','In Progress','P1',89,59),('REQ92494','fr.pagesperso-orange.Flowdesk','2020-05-22','In Progress','P2',60,37),('REQ92530','com.slate.Stringtough','2008-11-09','Closed','P2',38,5),('REQ92618','com.mysql.Aerified','2019-04-26','Open','P2',44,50),('REQ92659','com.go.Zontrax','2011-11-03','In Progress','P2',40,79),('REQ92680','com.nbcnews.Daltfresh','2012-01-24','Closed','P2',26,70),('REQ92836','net.php.Tres-Zap','2007-06-08','In Progress','P3',55,1),('REQ92841','nl.google.Lotstring','2016-09-10','Closed','P2',98,12),('REQ92989','com.nymag.Bitwolf','2021-04-13','In Progress','P2',12,8),('REQ93207','hk.com.google.Tresom','2016-05-17','In Progress','P2',60,67),('REQ93268','jp.ne.biglobe.Job','2001-06-23','Closed','P1',15,74),('REQ93382','com.slate.Tres-Zap','2018-09-12','Closed','P2',15,33),('REQ93411','net.comcast.Duobam','2022-08-01','In Progress','P2',37,74),('REQ93755','com.tripadvisor.It','2008-10-03','In Progress','P2',43,29),('REQ93894','com.examiner.Viva','2000-07-26','In Progress','P2',2,88),('REQ93919','vu.de.Konklab','2010-01-28','Open','P3',61,27),('REQ94013','com.pcworld.Y-find','2009-07-26','In Progress','P1',13,66),('REQ94038','com.dagondesign.Zamit','2005-06-03','Closed','P1',42,47),('REQ94240','pl.google.Konklab','2008-04-21','Closed','P2',45,13),('REQ94402','com.studiopress.Vagram','2000-12-22','Open','P2',21,51),('REQ94464','hk.com.google.Overhold','2014-02-03','Closed','P1',4,9),('REQ94651','com.pcworld.Holdlamis','2006-02-09','Closed','P1',80,97),('REQ94702','edu.ucsd.Temp','2009-08-24','In Progress','P3',47,37),('REQ94766','jp.ne.ocn.Tresom','2002-03-30','In Progress','P2',38,23),('REQ95301','com.youtube.Daltfresh','2016-05-06','Closed','P2',62,76),('REQ95386','gov.nps.Alphazap','2022-10-08','In Progress','P2',54,69),('REQ95461','cn.google.Y-Solowarm','2002-02-17','In Progress','P3',49,16),('REQ95500','vu.de.Flowdesk','2005-02-25','In Progress','P2',45,43),('REQ95681','com.yellowpages.Bamity','2015-08-23','Closed','P2',64,1),('REQ95793','com.webmd.Bitchip','2013-11-10','In Progress','P2',59,47),('REQ95948','com.netvibes.Biodex','2008-06-24','Closed','P1',93,27),('REQ96449','me.about.Lotstring','2005-03-26','Closed','P2',22,87),('REQ96883','gd.is.Greenlam','2020-05-09','In Progress','P1',76,20),('REQ96922','com.soundcloud.Bitchip','2008-12-25','Open','P3',13,2),('REQ96998','au.com.smh.Job','2017-05-11','In Progress','P2',70,30),('REQ97039','au.gov.nsw.Flexidy','2013-10-15','Closed','P2',15,11),('REQ97048','net.a8.Stronghold','2019-10-25','Closed','P2',43,24),('REQ97061','com.live.Lotstring','2021-07-30','In Progress','P3',26,4),('REQ97227','org.wikipedia.Subin','2019-09-24','Closed','P2',85,58),('REQ97258','uk.ac.cam.Latlux','2022-04-12','Closed','P3',72,84),('REQ97431','com.theglobeandmail.Konklux','2014-02-08','Closed','P2',96,73),('REQ97594','com.howstuffworks.Keylex','2002-07-09','In Progress','P2',6,78),('REQ97742','com.domainmarket.Fixflex','2021-07-22','Closed','P2',42,46),('REQ97825','com.wikia.Temp','2004-01-17','In Progress','P3',18,41),('REQ97840','io.soup.Konklab','2006-05-21','Closed','P2',56,76),('REQ97882','org.dyndns.Voyatouch','2008-03-20','Open','P3',77,18),('REQ97896','pl.google.Vagram','2016-07-31','Open','P2',65,96),('REQ97915','com.xing.Cardify','2018-04-10','Open','P2',23,30),('REQ98044','com.shinystat.Daltfresh','2019-01-25','In Progress','P1',12,4),('REQ98084','edu.cmu.Holdlamis','2009-01-26','Closed','P2',58,37),('REQ98098','com.4shared.Lotstring','2004-08-01','In Progress','P2',92,19),('REQ98127','cz.mapy.Voltsillam','2021-07-23','In Progress','P2',58,88),('REQ98241','com.latimes.Flexidy','2016-07-12','In Progress','P2',20,70),('REQ98296','com.weebly.Solarbreeze','2002-07-16','In Progress','P2',73,36),('REQ98396','com.go.Stringtough','2020-06-05','Closed','P2',54,3),('REQ98428','com.weebly.Job','2006-04-09','In Progress','P3',85,23),('REQ98457','com.printfriendly.Zontrax','2000-11-04','Closed','P2',67,27),('REQ98540','jp.exblog.Transcof','2009-12-20','Open','P3',26,21),('REQ98812','jp.or.plala.Tampflex','2021-10-07','In Progress','P1',37,27),('REQ98879','edu.mit.Sonsing','2008-10-28','Open','P2',21,33),('REQ99129','edu.cornell.Bytecard','2012-02-20','Closed','P3',41,51),('REQ99193','com.example.Zoolab','2014-08-04','In Progress','P3',75,85),('REQ99370','com.diigo.Gembucket','2000-07-30','In Progress','P2',7,69),('REQ99378','com.histats.Cookley','2020-09-14','In Progress','P2',74,51),('REQ99560','com.lulu.Toughjoyfax','2018-10-05','In Progress','P1',87,94),('REQ99600','com.apple.Daltfresh','2017-12-11','In Progress','P2',93,76),('REQ99601','fr.free.Bitwolf','2000-09-14','Closed','P3',28,89),('REQ99853','gov.irs.Home Ing','2015-01-21','In Progress','P2',25,25),('REQ99975','com.bing.Konklab','2022-06-06','Closed','P2',97,80);
/*!40000 ALTER TABLE `request_ticket` ENABLE KEYS */;
UNLOCK TABLES;

--
-- Table structure for table `sprint`
--

DROP TABLE IF EXISTS `sprint`;
/*!40101 SET @saved_cs_client     = @@character_set_client */;
/*!50503 SET character_set_client = utf8mb4 */;
CREATE TABLE `sprint` (
  `sprint_id` int NOT NULL AUTO_INCREMENT,
  `sprint_name` varchar(100) NOT NULL,
  `start_date` date DEFAULT NULL,
  `end_date` date DEFAULT NULL,
  PRIMARY KEY (`sprint_id`)
) ENGINE=InnoDB AUTO_INCREMENT=101 DEFAULT CHARSET=utf8mb4 COLLATE=utf8mb4_0900_ai_ci;
/*!40101 SET character_set_client = @saved_cs_client */;

--
-- Dumping data for table `sprint`
--

LOCK TABLES `sprint` WRITE;
/*!40000 ALTER TABLE `sprint` DISABLE KEYS */;
INSERT INTO `sprint` VALUES (1,'Marshbird, brown and yellow','2021-12-06','2022-12-23'),(2,'Sloth, pale-throated three-toed','2021-12-29','2022-08-23'),(3,'Frilled dragon','2021-06-17','2022-07-04'),(4,'Malachite kingfisher','2021-04-04','2022-09-01'),(5,'Bandicoot, short-nosed','2021-09-26','2022-06-25'),(6,'Eastern fox squirrel','2021-03-17','2022-03-06'),(7,'Clarks nutcracker','2021-11-08','2022-01-30'),(8,'Paddy heron (unidentified)','2021-03-24','2022-02-03'),(9,'Fox, pampa gray','2021-01-19','2022-06-11'),(10,'Columbian rainbow boa','2021-12-26','2022-09-05'),(11,'Shelduck, common','2021-03-25','2022-11-13'),(12,'Ocelot','2021-02-05','2022-01-16'),(13,'Oystercatcher, blackish','2021-09-02','2022-08-09'),(14,'African bush squirrel','2021-02-13','2022-10-16'),(15,'Hudsonian godwit','2021-11-26','2022-06-05'),(16,'Brown antechinus','2021-10-12','2022-12-23'),(17,'Emu','2021-02-23','2022-01-19'),(18,'Fox, cape','2021-09-29','2022-06-20'),(19,'King vulture','2021-04-06','2022-04-13'),(20,'Chickadee, black-capped','2021-11-29','2022-04-27'),(21,'Zorilla','2021-08-29','2022-06-16'),(22,'Nelson ground squirrel','2021-03-26','2022-11-13'),(23,'Black rhinoceros','2021-06-11','2022-11-07'),(24,'Pig-tailed macaque','2021-09-15','2022-12-04'),(25,'Striped skunk','2021-09-09','2022-08-27'),(26,'Finch, common melba','2021-04-24','2022-12-27'),(27,'Jabiru stork','2021-08-14','2022-05-27'),(28,'Duiker, gray','2021-09-26','2022-08-14'),(29,'European shelduck','2021-04-23','2022-05-09'),(30,'Tamandua, southern','2021-04-18','2022-12-02'),(31,'Barbet, levaillants','2021-09-08','2022-05-31'),(32,'Teal, hottentot','2021-11-15','2022-02-09'),(33,'King cormorant','2021-05-05','2022-10-17'),(34,'Pig-tailed macaque','2021-04-17','2022-03-12'),(35,'Red-tailed wambenger','2021-07-01','2022-10-07'),(36,'Marten, american','2021-07-26','2022-08-04'),(37,'House sparrow','2021-10-11','2022-02-18'),(38,'Wild boar','2021-04-13','2022-11-26'),(39,'Thomsons gazelle','2021-02-11','2022-11-11'),(40,'Chuckwalla','2021-04-26','2022-05-12'),(41,'Otter, oriental short-clawed','2021-11-30','2022-07-04'),(42,'Jackrabbit, white-tailed','2021-05-24','2022-11-13'),(43,'Eastern grey kangaroo','2021-09-18','2022-09-15'),(44,'Crocodile, nile','2021-02-06','2022-06-08'),(45,'Chimpanzee','2021-11-28','2022-03-08'),(46,'Madagascar hawk owl','2021-01-02','2022-10-09'),(47,'Porcupine, indian','2021-04-03','2022-09-28'),(48,'Southern ground hornbill','2021-07-24','2022-07-05'),(49,'Spectacled caiman','2021-12-22','2022-11-22'),(50,'Bustard, denhams','2021-01-24','2022-08-28'),(51,'Lion, asian','2021-04-20','2022-09-27'),(52,'Malleefowl','2021-09-24','2022-03-25'),(53,'Otter, small-clawed','2021-07-03','2022-12-19'),(54,'Bat-eared fox','2021-03-02','2022-01-14'),(55,'Tropical buckeye butterfly','2021-08-26','2022-03-05'),(56,'Common duiker','2021-09-30','2022-09-28'),(57,'Beaver, north american','2021-03-24','2022-08-27'),(58,'Gecko, barking','2021-05-12','2022-03-27'),(59,'Lion, california sea','2021-07-15','2022-11-06'),(60,'Eagle, golden','2021-12-26','2022-11-04'),(61,'Capuchin, weeper','2021-04-28','2022-05-14'),(62,'Mocking cliffchat','2021-05-31','2022-09-11'),(63,'Roadrunner, greater','2021-07-26','2022-01-19'),(64,'Verreauxs sifaka','2021-10-06','2022-09-30'),(65,'Raven, white-necked','2021-06-30','2022-03-10'),(66,'Bandicoot, southern brown','2021-01-21','2022-04-21'),(67,'Sage hen','2021-12-28','2022-12-16'),(68,'Boa, emerald green tree','2021-09-30','2022-05-12'),(69,'Lion, steller sea','2021-03-25','2022-04-05'),(70,'Butterfly (unidentified)','2021-07-26','2022-10-30'),(71,'Cormorant (unidentified)','2021-04-28','2022-12-19'),(72,'Bulbul, black-eyed','2021-01-22','2022-08-07'),(73,'Porcupine, crested','2021-07-02','2022-01-31'),(74,'Goose, canada','2021-06-09','2022-10-01'),(75,'Ferret, black-footed','2021-05-30','2022-03-13'),(76,'Kingfisher, malachite','2021-12-07','2022-09-08'),(77,'Coatimundi, white-nosed','2021-12-22','2022-09-04'),(78,'Ass, asiatic wild','2021-10-06','2022-12-29'),(79,'Hyena, spotted','2021-04-12','2022-04-12'),(80,'Weaver, red-billed buffalo','2021-03-15','2022-01-29'),(81,'Badger, eurasian','2021-10-09','2022-01-23'),(82,'American Virginia opossum','2021-06-01','2022-04-30'),(83,'Finch, common melba','2021-11-24','2022-09-25'),(84,'Carmine bee-eater','2021-05-23','2022-11-07'),(85,'Marshbird, brown and yellow','2021-03-24','2022-02-27'),(86,'Little brown dove','2021-07-25','2022-01-03'),(87,'Falcon, peregrine','2021-03-12','2022-06-13'),(88,'Dog, raccoon','2021-03-20','2022-04-13'),(89,'Bateleur eagle','2021-12-28','2022-02-26'),(90,'Bat, asian false vampire','2021-01-06','2022-03-30'),(91,'Jungle kangaroo','2021-02-02','2022-11-08'),(92,'Lava gull','2021-10-19','2022-03-31'),(93,'Mexican wolf','2021-09-03','2022-12-09'),(94,'Cattle egret','2021-12-10','2022-09-09'),(95,'Platypus','2021-03-03','2022-03-06'),(96,'Trumpeter, green-winged','2021-07-08','2022-03-20'),(97,'Dragon, ornate rock','2021-07-21','2022-11-15'),(98,'Egyptian cobra','2021-11-21','2022-10-19'),(99,'Zebra, common','2021-07-10','2022-03-08'),(100,'Brown hyena','2021-05-30','2022-05-04');
/*!40000 ALTER TABLE `sprint` ENABLE KEYS */;
UNLOCK TABLES;

--
-- Table structure for table `sprint_team`
--

DROP TABLE IF EXISTS `sprint_team`;
/*!40101 SET @saved_cs_client     = @@character_set_client */;
/*!50503 SET character_set_client = utf8mb4 */;
CREATE TABLE `sprint_team` (
  `sprint_id` int NOT NULL,
  `team_id` int NOT NULL,
  PRIMARY KEY (`sprint_id`,`team_id`),
  KEY `fk_team` (`team_id`),
  CONSTRAINT `fk_sprint` FOREIGN KEY (`sprint_id`) REFERENCES `sprint` (`sprint_id`) ON DELETE CASCADE ON UPDATE CASCADE,
  CONSTRAINT `fk_team` FOREIGN KEY (`team_id`) REFERENCES `team` (`team_id`) ON DELETE CASCADE ON UPDATE CASCADE
) ENGINE=InnoDB DEFAULT CHARSET=utf8mb4 COLLATE=utf8mb4_0900_ai_ci;
/*!40101 SET character_set_client = @saved_cs_client */;

--
-- Dumping data for table `sprint_team`
--

LOCK TABLES `sprint_team` WRITE;
/*!40000 ALTER TABLE `sprint_team` DISABLE KEYS */;
INSERT INTO `sprint_team` VALUES (7,1),(15,1),(39,1),(58,1),(6,2),(9,2),(21,2),(32,2),(44,2),(46,2),(52,2),(70,2),(88,2),(99,2),(20,3),(40,3),(70,3),(79,3),(95,3),(20,4),(23,4),(44,4),(66,4),(75,4),(6,5),(13,5),(18,5),(31,5),(51,5),(23,6),(26,6),(81,6),(13,7),(23,7),(74,7),(86,7),(47,8),(62,8),(85,8),(92,8),(23,9),(27,9),(36,9),(63,9),(9,10),(32,10),(59,10),(85,10);
/*!40000 ALTER TABLE `sprint_team` ENABLE KEYS */;
UNLOCK TABLES;

--
-- Table structure for table `team`
--

DROP TABLE IF EXISTS `team`;
/*!40101 SET @saved_cs_client     = @@character_set_client */;
/*!50503 SET character_set_client = utf8mb4 */;
CREATE TABLE `team` (
  `team_id` int NOT NULL AUTO_INCREMENT,
  `team_name` varchar(100) NOT NULL,
  `description` varchar(255) DEFAULT NULL,
  `location` varchar(50) DEFAULT NULL,
  PRIMARY KEY (`team_id`)
) ENGINE=InnoDB AUTO_INCREMENT=11 DEFAULT CHARSET=utf8mb4 COLLATE=utf8mb4_0900_ai_ci;
/*!40101 SET character_set_client = @saved_cs_client */;

--
-- Dumping data for table `team`
--

LOCK TABLES `team` WRITE;
/*!40000 ALTER TABLE `team` DISABLE KEYS */;
INSERT INTO `team` VALUES (1,'YAQ','Fix San',' Th'),(2,'DUS','Fix San','Luniao'),(3,'DDP','Daltfresh','Oslo'),(4,'KBE','Toughjoyfax','Fanzeres'),(5,'TAN','Holdlamis','Coln'),(6,'MXL','Tresom','Aeteke'),(7,'HRB','Duobam','Padre Nabeto'),(8,'BOS','Alpha','Cesson'),(9,'TUN','Span','Cabalawan'),(10,'MVQ','Regrant','Kampungruweh');
/*!40000 ALTER TABLE `team` ENABLE KEYS */;
UNLOCK TABLES;

--
-- Dumping events for database 'ticketmanagementsystem'
--

--
-- Dumping routines for database 'ticketmanagementsystem'
--
/*!50003 DROP FUNCTION IF EXISTS `calculateAge` */;
/*!50003 SET @saved_cs_client      = @@character_set_client */ ;
/*!50003 SET @saved_cs_results     = @@character_set_results */ ;
/*!50003 SET @saved_col_connection = @@collation_connection */ ;
/*!50003 SET character_set_client  = utf8mb4 */ ;
/*!50003 SET character_set_results = utf8mb4 */ ;
/*!50003 SET collation_connection  = utf8mb4_0900_ai_ci */ ;
/*!50003 SET @saved_sql_mode       = @@sql_mode */ ;
/*!50003 SET sql_mode              = 'STRICT_TRANS_TABLES,NO_ENGINE_SUBSTITUTION' */ ;
DELIMITER ;;
CREATE DEFINER=`root`@`localhost` FUNCTION `calculateAge`(date_of_birth date) RETURNS int
    DETERMINISTIC
BEGIN
DECLARE age int;
SELECT DATE_FORMAT(FROM_DAYS(DATEDIFF(NOW(),date_of_birth)), '%Y') 
 + 0 into age;
RETURN age;
END ;;
DELIMITER ;
/*!50003 SET sql_mode              = @saved_sql_mode */ ;
/*!50003 SET character_set_client  = @saved_cs_client */ ;
/*!50003 SET character_set_results = @saved_cs_results */ ;
/*!50003 SET collation_connection  = @saved_col_connection */ ;
/*!50003 DROP PROCEDURE IF EXISTS `createChange` */;
/*!50003 SET @saved_cs_client      = @@character_set_client */ ;
/*!50003 SET @saved_cs_results     = @@character_set_results */ ;
/*!50003 SET @saved_col_connection = @@collation_connection */ ;
/*!50003 SET character_set_client  = utf8mb4 */ ;
/*!50003 SET character_set_results = utf8mb4 */ ;
/*!50003 SET collation_connection  = utf8mb4_0900_ai_ci */ ;
/*!50003 SET @saved_sql_mode       = @@sql_mode */ ;
/*!50003 SET sql_mode              = 'STRICT_TRANS_TABLES,NO_ENGINE_SUBSTITUTION' */ ;
DELIMITER ;;
CREATE DEFINER=`root`@`localhost` PROCEDURE `createChange`(in ticket_id VARCHAR(255),in description VARCHAR(255),in start_date date, in status VARCHAR(20), in priority VARCHAR(20), in sprint_id INT, in created_by VARCHAR(20),in accepted_by VARCHAR(20),in implemented_by VARCHAR(20) )
BEGIN
INSERT into change_ticket(ticket_id,description,start_date,status, priority,sprint_id,created_by,acceptor,implementor)
values(ticket_id,description,start_date,status,priority,sprint_id,created_by,accepted_by,implemented_by);
END ;;
DELIMITER ;
/*!50003 SET sql_mode              = @saved_sql_mode */ ;
/*!50003 SET character_set_client  = @saved_cs_client */ ;
/*!50003 SET character_set_results = @saved_cs_results */ ;
/*!50003 SET collation_connection  = @saved_col_connection */ ;
/*!50003 DROP PROCEDURE IF EXISTS `createEmployee` */;
/*!50003 SET @saved_cs_client      = @@character_set_client */ ;
/*!50003 SET @saved_cs_results     = @@character_set_results */ ;
/*!50003 SET @saved_col_connection = @@collation_connection */ ;
/*!50003 SET character_set_client  = utf8mb4 */ ;
/*!50003 SET character_set_results = utf8mb4 */ ;
/*!50003 SET collation_connection  = utf8mb4_0900_ai_ci */ ;
/*!50003 SET @saved_sql_mode       = @@sql_mode */ ;
/*!50003 SET sql_mode              = 'STRICT_TRANS_TABLES,NO_ENGINE_SUBSTITUTION' */ ;
DELIMITER ;;
CREATE DEFINER=`root`@`localhost` PROCEDURE `createEmployee`(in team_id int, in emp_name VARCHAR(255), in date_of_birth date,
 in sex ENUM('Male','Female','Other'), in  address_street_name VARCHAR(255), 
 in address_street_number VARCHAR(255), in address_zipcode VARCHAR(255),
 in address_city VARCHAR(255) ,in address_state VARCHAR(255), in phone_number VARCHAR(15), in joining_date date)
BEGIN
DECLARE age INT;
set age=calculateAge(date_of_birth);
INSERT into 
employee(team_id,emp_name,date_of_birth,sex,address_street_name,address_street_number,address_zipcode,address_city,address_state,phone_number,joining_date,age)
values(team_id,emp_name,date_of_birth,sex,address_street_name,address_street_number,address_zipcode,address_city,address_state,phone_number,joining_date, age);
END ;;
DELIMITER ;
/*!50003 SET sql_mode              = @saved_sql_mode */ ;
/*!50003 SET character_set_client  = @saved_cs_client */ ;
/*!50003 SET character_set_results = @saved_cs_results */ ;
/*!50003 SET collation_connection  = @saved_col_connection */ ;
/*!50003 DROP PROCEDURE IF EXISTS `createIncident` */;
/*!50003 SET @saved_cs_client      = @@character_set_client */ ;
/*!50003 SET @saved_cs_results     = @@character_set_results */ ;
/*!50003 SET @saved_col_connection = @@collation_connection */ ;
/*!50003 SET character_set_client  = utf8mb4 */ ;
/*!50003 SET character_set_results = utf8mb4 */ ;
/*!50003 SET collation_connection  = utf8mb4_0900_ai_ci */ ;
/*!50003 SET @saved_sql_mode       = @@sql_mode */ ;
/*!50003 SET sql_mode              = 'STRICT_TRANS_TABLES,NO_ENGINE_SUBSTITUTION' */ ;
DELIMITER ;;
CREATE DEFINER=`root`@`localhost` PROCEDURE `createIncident`(in ticket_id VARCHAR(255),in description VARCHAR(255),in start_date date, in status VARCHAR(20), in priority VARCHAR(20), in sprint_id INT, in created_by VARCHAR(20) )
BEGIN
INSERT into incident_ticket(ticket_id,description,start_date,status, priority,sprint_id,created_by)
values(ticket_id,description,start_date,status,priority,sprint_id,created_by);
END ;;
DELIMITER ;
/*!50003 SET sql_mode              = @saved_sql_mode */ ;
/*!50003 SET character_set_client  = @saved_cs_client */ ;
/*!50003 SET character_set_results = @saved_cs_results */ ;
/*!50003 SET collation_connection  = @saved_col_connection */ ;
/*!50003 DROP PROCEDURE IF EXISTS `createManager` */;
/*!50003 SET @saved_cs_client      = @@character_set_client */ ;
/*!50003 SET @saved_cs_results     = @@character_set_results */ ;
/*!50003 SET @saved_col_connection = @@collation_connection */ ;
/*!50003 SET character_set_client  = utf8mb4 */ ;
/*!50003 SET character_set_results = utf8mb4 */ ;
/*!50003 SET collation_connection  = utf8mb4_0900_ai_ci */ ;
/*!50003 SET @saved_sql_mode       = @@sql_mode */ ;
/*!50003 SET sql_mode              = 'STRICT_TRANS_TABLES,NO_ENGINE_SUBSTITUTION' */ ;
DELIMITER ;;
CREATE DEFINER=`root`@`localhost` PROCEDURE `createManager`(in emp_id int, in team_id int)
BEGIN
INSERT into manager(emp_id,team_id)
 values(emp_id,team_id);
END ;;
DELIMITER ;
/*!50003 SET sql_mode              = @saved_sql_mode */ ;
/*!50003 SET character_set_client  = @saved_cs_client */ ;
/*!50003 SET character_set_results = @saved_cs_results */ ;
/*!50003 SET collation_connection  = @saved_col_connection */ ;
/*!50003 DROP PROCEDURE IF EXISTS `createRequest` */;
/*!50003 SET @saved_cs_client      = @@character_set_client */ ;
/*!50003 SET @saved_cs_results     = @@character_set_results */ ;
/*!50003 SET @saved_col_connection = @@collation_connection */ ;
/*!50003 SET character_set_client  = utf8mb4 */ ;
/*!50003 SET character_set_results = utf8mb4 */ ;
/*!50003 SET collation_connection  = utf8mb4_0900_ai_ci */ ;
/*!50003 SET @saved_sql_mode       = @@sql_mode */ ;
/*!50003 SET sql_mode              = 'STRICT_TRANS_TABLES,NO_ENGINE_SUBSTITUTION' */ ;
DELIMITER ;;
CREATE DEFINER=`root`@`localhost` PROCEDURE `createRequest`(in ticket_id VARCHAR(255),in description VARCHAR(255),in start_date date, in status VARCHAR(20), in priority VARCHAR(20), in sprint_id INT, in created_by VARCHAR(20) )
BEGIN
INSERT into request_ticket(ticket_id,description,start_date,status, priority,sprint_id,created_by)
values(ticket_id,description,start_date,status,priority,sprint_id,created_by);
END ;;
DELIMITER ;
/*!50003 SET sql_mode              = @saved_sql_mode */ ;
/*!50003 SET character_set_client  = @saved_cs_client */ ;
/*!50003 SET character_set_results = @saved_cs_results */ ;
/*!50003 SET collation_connection  = @saved_col_connection */ ;
/*!50003 DROP PROCEDURE IF EXISTS `createSprint` */;
/*!50003 SET @saved_cs_client      = @@character_set_client */ ;
/*!50003 SET @saved_cs_results     = @@character_set_results */ ;
/*!50003 SET @saved_col_connection = @@collation_connection */ ;
/*!50003 SET character_set_client  = utf8mb4 */ ;
/*!50003 SET character_set_results = utf8mb4 */ ;
/*!50003 SET collation_connection  = utf8mb4_0900_ai_ci */ ;
/*!50003 SET @saved_sql_mode       = @@sql_mode */ ;
/*!50003 SET sql_mode              = 'STRICT_TRANS_TABLES,NO_ENGINE_SUBSTITUTION' */ ;
DELIMITER ;;
CREATE DEFINER=`root`@`localhost` PROCEDURE `createSprint`(in  sprint_name Varchar(255), in  start_date date, in end_date date)
BEGIN
INSERT into sprint(sprint_name,start_date,end_date)
 values(sprint_name,start_date,end_date);
END ;;
DELIMITER ;
/*!50003 SET sql_mode              = @saved_sql_mode */ ;
/*!50003 SET character_set_client  = @saved_cs_client */ ;
/*!50003 SET character_set_results = @saved_cs_results */ ;
/*!50003 SET collation_connection  = @saved_col_connection */ ;
/*!50003 DROP PROCEDURE IF EXISTS `createSprintTeam` */;
/*!50003 SET @saved_cs_client      = @@character_set_client */ ;
/*!50003 SET @saved_cs_results     = @@character_set_results */ ;
/*!50003 SET @saved_col_connection = @@collation_connection */ ;
/*!50003 SET character_set_client  = utf8mb4 */ ;
/*!50003 SET character_set_results = utf8mb4 */ ;
/*!50003 SET collation_connection  = utf8mb4_0900_ai_ci */ ;
/*!50003 SET @saved_sql_mode       = @@sql_mode */ ;
/*!50003 SET sql_mode              = 'STRICT_TRANS_TABLES,NO_ENGINE_SUBSTITUTION' */ ;
DELIMITER ;;
CREATE DEFINER=`root`@`localhost` PROCEDURE `createSprintTeam`(in sprint_id INT, in team_id int)
BEGIN
INSERT into sprint_team(sprint_id,team_id)
 values(sprint_id,team_id);
END ;;
DELIMITER ;
/*!50003 SET sql_mode              = @saved_sql_mode */ ;
/*!50003 SET character_set_client  = @saved_cs_client */ ;
/*!50003 SET character_set_results = @saved_cs_results */ ;
/*!50003 SET collation_connection  = @saved_col_connection */ ;
/*!50003 DROP PROCEDURE IF EXISTS `createTeam` */;
/*!50003 SET @saved_cs_client      = @@character_set_client */ ;
/*!50003 SET @saved_cs_results     = @@character_set_results */ ;
/*!50003 SET @saved_col_connection = @@collation_connection */ ;
/*!50003 SET character_set_client  = utf8mb4 */ ;
/*!50003 SET character_set_results = utf8mb4 */ ;
/*!50003 SET collation_connection  = utf8mb4_0900_ai_ci */ ;
/*!50003 SET @saved_sql_mode       = @@sql_mode */ ;
/*!50003 SET sql_mode              = 'STRICT_TRANS_TABLES,NO_ENGINE_SUBSTITUTION' */ ;
DELIMITER ;;
CREATE DEFINER=`root`@`localhost` PROCEDURE `createTeam`(in team_name VARCHAR(255), in description VARCHAR(255), in location VARCHAR(255))
BEGIN
INSERT into team(team_name,description,location)
 values (team_name,description,location);
END ;;
DELIMITER ;
/*!50003 SET sql_mode              = @saved_sql_mode */ ;
/*!50003 SET character_set_client  = @saved_cs_client */ ;
/*!50003 SET character_set_results = @saved_cs_results */ ;
/*!50003 SET collation_connection  = @saved_col_connection */ ;
/*!50003 DROP PROCEDURE IF EXISTS `deleteChange` */;
/*!50003 SET @saved_cs_client      = @@character_set_client */ ;
/*!50003 SET @saved_cs_results     = @@character_set_results */ ;
/*!50003 SET @saved_col_connection = @@collation_connection */ ;
/*!50003 SET character_set_client  = utf8mb4 */ ;
/*!50003 SET character_set_results = utf8mb4 */ ;
/*!50003 SET collation_connection  = utf8mb4_0900_ai_ci */ ;
/*!50003 SET @saved_sql_mode       = @@sql_mode */ ;
/*!50003 SET sql_mode              = 'ONLY_FULL_GROUP_BY,STRICT_TRANS_TABLES,NO_ZERO_IN_DATE,NO_ZERO_DATE,ERROR_FOR_DIVISION_BY_ZERO,NO_ENGINE_SUBSTITUTION' */ ;
DELIMITER ;;
CREATE DEFINER=`root`@`localhost` PROCEDURE `deleteChange`(in chg_id VARCHAR(20))
BEGIN
DELETE FROM change_ticket WHERE change_ticket.ticket_id = chg_id;
END ;;
DELIMITER ;
/*!50003 SET sql_mode              = @saved_sql_mode */ ;
/*!50003 SET character_set_client  = @saved_cs_client */ ;
/*!50003 SET character_set_results = @saved_cs_results */ ;
/*!50003 SET collation_connection  = @saved_col_connection */ ;
/*!50003 DROP PROCEDURE IF EXISTS `deleteIncident` */;
/*!50003 SET @saved_cs_client      = @@character_set_client */ ;
/*!50003 SET @saved_cs_results     = @@character_set_results */ ;
/*!50003 SET @saved_col_connection = @@collation_connection */ ;
/*!50003 SET character_set_client  = utf8mb4 */ ;
/*!50003 SET character_set_results = utf8mb4 */ ;
/*!50003 SET collation_connection  = utf8mb4_0900_ai_ci */ ;
/*!50003 SET @saved_sql_mode       = @@sql_mode */ ;
/*!50003 SET sql_mode              = 'ONLY_FULL_GROUP_BY,STRICT_TRANS_TABLES,NO_ZERO_IN_DATE,NO_ZERO_DATE,ERROR_FOR_DIVISION_BY_ZERO,NO_ENGINE_SUBSTITUTION' */ ;
DELIMITER ;;
CREATE DEFINER=`root`@`localhost` PROCEDURE `deleteIncident`(in inc_id VARCHAR(20))
BEGIN
DELETE FROM incident_ticket WHERE incident_ticket.ticket_id = inc_id;
END ;;
DELIMITER ;
/*!50003 SET sql_mode              = @saved_sql_mode */ ;
/*!50003 SET character_set_client  = @saved_cs_client */ ;
/*!50003 SET character_set_results = @saved_cs_results */ ;
/*!50003 SET collation_connection  = @saved_col_connection */ ;
/*!50003 DROP PROCEDURE IF EXISTS `deleteManager` */;
/*!50003 SET @saved_cs_client      = @@character_set_client */ ;
/*!50003 SET @saved_cs_results     = @@character_set_results */ ;
/*!50003 SET @saved_col_connection = @@collation_connection */ ;
/*!50003 SET character_set_client  = utf8mb4 */ ;
/*!50003 SET character_set_results = utf8mb4 */ ;
/*!50003 SET collation_connection  = utf8mb4_0900_ai_ci */ ;
/*!50003 SET @saved_sql_mode       = @@sql_mode */ ;
/*!50003 SET sql_mode              = 'STRICT_TRANS_TABLES,NO_ENGINE_SUBSTITUTION' */ ;
DELIMITER ;;
CREATE DEFINER=`root`@`localhost` PROCEDURE `deleteManager`(in manager_id INT)
BEGIN
DELETE FROM manager WHERE manager.emp_id = manager_id;
END ;;
DELIMITER ;
/*!50003 SET sql_mode              = @saved_sql_mode */ ;
/*!50003 SET character_set_client  = @saved_cs_client */ ;
/*!50003 SET character_set_results = @saved_cs_results */ ;
/*!50003 SET collation_connection  = @saved_col_connection */ ;
/*!50003 DROP PROCEDURE IF EXISTS `deleteRequest` */;
/*!50003 SET @saved_cs_client      = @@character_set_client */ ;
/*!50003 SET @saved_cs_results     = @@character_set_results */ ;
/*!50003 SET @saved_col_connection = @@collation_connection */ ;
/*!50003 SET character_set_client  = utf8mb4 */ ;
/*!50003 SET character_set_results = utf8mb4 */ ;
/*!50003 SET collation_connection  = utf8mb4_0900_ai_ci */ ;
/*!50003 SET @saved_sql_mode       = @@sql_mode */ ;
/*!50003 SET sql_mode              = 'ONLY_FULL_GROUP_BY,STRICT_TRANS_TABLES,NO_ZERO_IN_DATE,NO_ZERO_DATE,ERROR_FOR_DIVISION_BY_ZERO,NO_ENGINE_SUBSTITUTION' */ ;
DELIMITER ;;
CREATE DEFINER=`root`@`localhost` PROCEDURE `deleteRequest`(in req_id VARCHAR(20))
BEGIN
DELETE FROM request_ticket WHERE request_ticket.ticket_id = req_id;
END ;;
DELIMITER ;
/*!50003 SET sql_mode              = @saved_sql_mode */ ;
/*!50003 SET character_set_client  = @saved_cs_client */ ;
/*!50003 SET character_set_results = @saved_cs_results */ ;
/*!50003 SET collation_connection  = @saved_col_connection */ ;
/*!50003 DROP PROCEDURE IF EXISTS `getAllChanges` */;
/*!50003 SET @saved_cs_client      = @@character_set_client */ ;
/*!50003 SET @saved_cs_results     = @@character_set_results */ ;
/*!50003 SET @saved_col_connection = @@collation_connection */ ;
/*!50003 SET character_set_client  = utf8mb4 */ ;
/*!50003 SET character_set_results = utf8mb4 */ ;
/*!50003 SET collation_connection  = utf8mb4_0900_ai_ci */ ;
/*!50003 SET @saved_sql_mode       = @@sql_mode */ ;
/*!50003 SET sql_mode              = 'STRICT_TRANS_TABLES,NO_ENGINE_SUBSTITUTION' */ ;
DELIMITER ;;
CREATE DEFINER=`root`@`localhost` PROCEDURE `getAllChanges`()
BEGIN
select change_ticket.*,t1.sprint_name,t2.emp_name as created_by,t3.team_name,t4.emp_name as acceptor_name,t5.emp_name as implementor_name from change_ticket
join 
(select sprint_id,sprint_name from sprint) as t1
join (select emp_name,emp_id from employee) as t2
join (select sprint_team.team_id as team_id, sprint_team.sprint_id as sprint_id, t.team_name as team_name from sprint_team
join (select team_name,team_id from team) as t where t.team_id=sprint_team.team_id) as t3
join (select emp_name,emp_id from employee) as t4
join (select emp_name,emp_id from employee) as t5
where t1.sprint_id=change_ticket.sprint_id and t2.emp_id=change_ticket.created_by and t3.sprint_id=change_ticket.sprint_id
and t4.emp_id=change_ticket.acceptor and t5.emp_id=change_ticket.implementor;
END ;;
DELIMITER ;
/*!50003 SET sql_mode              = @saved_sql_mode */ ;
/*!50003 SET character_set_client  = @saved_cs_client */ ;
/*!50003 SET character_set_results = @saved_cs_results */ ;
/*!50003 SET collation_connection  = @saved_col_connection */ ;
/*!50003 DROP PROCEDURE IF EXISTS `getAllEmployees` */;
/*!50003 SET @saved_cs_client      = @@character_set_client */ ;
/*!50003 SET @saved_cs_results     = @@character_set_results */ ;
/*!50003 SET @saved_col_connection = @@collation_connection */ ;
/*!50003 SET character_set_client  = utf8mb4 */ ;
/*!50003 SET character_set_results = utf8mb4 */ ;
/*!50003 SET collation_connection  = utf8mb4_0900_ai_ci */ ;
/*!50003 SET @saved_sql_mode       = @@sql_mode */ ;
/*!50003 SET sql_mode              = 'STRICT_TRANS_TABLES,NO_ENGINE_SUBSTITUTION' */ ;
DELIMITER ;;
CREATE DEFINER=`root`@`localhost` PROCEDURE `getAllEmployees`()
BEGIN
select employee.*,t.name from employee join (select team_id,team_name as name from team) as t where t.team_id=employee.team_id;
END ;;
DELIMITER ;
/*!50003 SET sql_mode              = @saved_sql_mode */ ;
/*!50003 SET character_set_client  = @saved_cs_client */ ;
/*!50003 SET character_set_results = @saved_cs_results */ ;
/*!50003 SET collation_connection  = @saved_col_connection */ ;
/*!50003 DROP PROCEDURE IF EXISTS `getAllIncidents` */;
/*!50003 SET @saved_cs_client      = @@character_set_client */ ;
/*!50003 SET @saved_cs_results     = @@character_set_results */ ;
/*!50003 SET @saved_col_connection = @@collation_connection */ ;
/*!50003 SET character_set_client  = utf8mb4 */ ;
/*!50003 SET character_set_results = utf8mb4 */ ;
/*!50003 SET collation_connection  = utf8mb4_0900_ai_ci */ ;
/*!50003 SET @saved_sql_mode       = @@sql_mode */ ;
/*!50003 SET sql_mode              = 'STRICT_TRANS_TABLES,NO_ENGINE_SUBSTITUTION' */ ;
DELIMITER ;;
CREATE DEFINER=`root`@`localhost` PROCEDURE `getAllIncidents`()
BEGIN
select incident_ticket.*,t1.sprint_name,t2.emp_name, t3.team_name from incident_ticket
join 
(select sprint_id,sprint_name from sprint) as t1
join (select emp_name,emp_id from employee) as t2
join (select sprint_team.team_id as team_id, sprint_team.sprint_id as sprint_id, t.team_name as team_name from sprint_team
join (select team_name,team_id from team) as t where t.team_id=sprint_team.team_id) as t3
where t1.sprint_id=incident_ticket.sprint_id and t2.emp_id=incident_ticket.created_by and t3.sprint_id=incident_ticket.sprint_id;

END ;;
DELIMITER ;
/*!50003 SET sql_mode              = @saved_sql_mode */ ;
/*!50003 SET character_set_client  = @saved_cs_client */ ;
/*!50003 SET character_set_results = @saved_cs_results */ ;
/*!50003 SET collation_connection  = @saved_col_connection */ ;
/*!50003 DROP PROCEDURE IF EXISTS `getAllManagers` */;
/*!50003 SET @saved_cs_client      = @@character_set_client */ ;
/*!50003 SET @saved_cs_results     = @@character_set_results */ ;
/*!50003 SET @saved_col_connection = @@collation_connection */ ;
/*!50003 SET character_set_client  = utf8mb4 */ ;
/*!50003 SET character_set_results = utf8mb4 */ ;
/*!50003 SET collation_connection  = utf8mb4_0900_ai_ci */ ;
/*!50003 SET @saved_sql_mode       = @@sql_mode */ ;
/*!50003 SET sql_mode              = 'STRICT_TRANS_TABLES,NO_ENGINE_SUBSTITUTION' */ ;
DELIMITER ;;
CREATE DEFINER=`root`@`localhost` PROCEDURE `getAllManagers`()
BEGIN
select manager.emp_id,t2.name ,t1.Team_name from manager
join (select team_id,team_name  from team) as t1
join (select emp_id,emp_name as name from employee)as t2 where 
t1.team_id=manager.team_id and t2.emp_id=manager.emp_id;
END ;;
DELIMITER ;
/*!50003 SET sql_mode              = @saved_sql_mode */ ;
/*!50003 SET character_set_client  = @saved_cs_client */ ;
/*!50003 SET character_set_results = @saved_cs_results */ ;
/*!50003 SET collation_connection  = @saved_col_connection */ ;
/*!50003 DROP PROCEDURE IF EXISTS `getAllRequests` */;
/*!50003 SET @saved_cs_client      = @@character_set_client */ ;
/*!50003 SET @saved_cs_results     = @@character_set_results */ ;
/*!50003 SET @saved_col_connection = @@collation_connection */ ;
/*!50003 SET character_set_client  = utf8mb4 */ ;
/*!50003 SET character_set_results = utf8mb4 */ ;
/*!50003 SET collation_connection  = utf8mb4_0900_ai_ci */ ;
/*!50003 SET @saved_sql_mode       = @@sql_mode */ ;
/*!50003 SET sql_mode              = 'STRICT_TRANS_TABLES,NO_ENGINE_SUBSTITUTION' */ ;
DELIMITER ;;
CREATE DEFINER=`root`@`localhost` PROCEDURE `getAllRequests`()
BEGIN
select request_ticket.*,t1.sprint_name,t2.emp_name,t3.team_name from request_ticket
join 
(select sprint_id,sprint_name from sprint) as t1
join (select emp_name,emp_id from employee) as t2
join (select sprint_team.team_id as team_id, sprint_team.sprint_id as sprint_id, t.team_name as team_name from sprint_team
join (select team_name,team_id from team) as t where t.team_id=sprint_team.team_id) as t3
where t1.sprint_id=request_ticket.sprint_id and t2.emp_id=request_ticket.created_by and t3.sprint_id=request_ticket.sprint_id;
END ;;
DELIMITER ;
/*!50003 SET sql_mode              = @saved_sql_mode */ ;
/*!50003 SET character_set_client  = @saved_cs_client */ ;
/*!50003 SET character_set_results = @saved_cs_results */ ;
/*!50003 SET collation_connection  = @saved_col_connection */ ;
/*!50003 DROP PROCEDURE IF EXISTS `getAllSprints` */;
/*!50003 SET @saved_cs_client      = @@character_set_client */ ;
/*!50003 SET @saved_cs_results     = @@character_set_results */ ;
/*!50003 SET @saved_col_connection = @@collation_connection */ ;
/*!50003 SET character_set_client  = utf8mb4 */ ;
/*!50003 SET character_set_results = utf8mb4 */ ;
/*!50003 SET collation_connection  = utf8mb4_0900_ai_ci */ ;
/*!50003 SET @saved_sql_mode       = @@sql_mode */ ;
/*!50003 SET sql_mode              = 'STRICT_TRANS_TABLES,NO_ENGINE_SUBSTITUTION' */ ;
DELIMITER ;;
CREATE DEFINER=`root`@`localhost` PROCEDURE `getAllSprints`()
BEGIN
select sprint.*,t1.team_name from sprint join
(select sprint_team.team_id as team_id, sprint_team.sprint_id as sprint_id, t.team_name as team_name from sprint_team
join (select team_name,team_id from team) as t where t.team_id=sprint_team.team_id) 
as t1 where sprint.sprint_id=t1.sprint_id;
END ;;
DELIMITER ;
/*!50003 SET sql_mode              = @saved_sql_mode */ ;
/*!50003 SET character_set_client  = @saved_cs_client */ ;
/*!50003 SET character_set_results = @saved_cs_results */ ;
/*!50003 SET collation_connection  = @saved_col_connection */ ;
/*!50003 DROP PROCEDURE IF EXISTS `getAllTeams` */;
/*!50003 SET @saved_cs_client      = @@character_set_client */ ;
/*!50003 SET @saved_cs_results     = @@character_set_results */ ;
/*!50003 SET @saved_col_connection = @@collation_connection */ ;
/*!50003 SET character_set_client  = utf8mb4 */ ;
/*!50003 SET character_set_results = utf8mb4 */ ;
/*!50003 SET collation_connection  = utf8mb4_0900_ai_ci */ ;
/*!50003 SET @saved_sql_mode       = @@sql_mode */ ;
/*!50003 SET sql_mode              = 'STRICT_TRANS_TABLES,NO_ENGINE_SUBSTITUTION' */ ;
DELIMITER ;;
CREATE DEFINER=`root`@`localhost` PROCEDURE `getAllTeams`()
BEGIN
SELECT * FROM team;
END ;;
DELIMITER ;
/*!50003 SET sql_mode              = @saved_sql_mode */ ;
/*!50003 SET character_set_client  = @saved_cs_client */ ;
/*!50003 SET character_set_results = @saved_cs_results */ ;
/*!50003 SET collation_connection  = @saved_col_connection */ ;
/*!50003 DROP PROCEDURE IF EXISTS `getChange` */;
/*!50003 SET @saved_cs_client      = @@character_set_client */ ;
/*!50003 SET @saved_cs_results     = @@character_set_results */ ;
/*!50003 SET @saved_col_connection = @@collation_connection */ ;
/*!50003 SET character_set_client  = utf8mb4 */ ;
/*!50003 SET character_set_results = utf8mb4 */ ;
/*!50003 SET collation_connection  = utf8mb4_0900_ai_ci */ ;
/*!50003 SET @saved_sql_mode       = @@sql_mode */ ;
/*!50003 SET sql_mode              = 'STRICT_TRANS_TABLES,NO_ENGINE_SUBSTITUTION' */ ;
DELIMITER ;;
CREATE DEFINER=`root`@`localhost` PROCEDURE `getChange`(in id VARCHAR(255))
BEGIN
select change_ticket.*,t1.sprint_name,t2.emp_name as created_by,t3.team_name,t4.emp_name as acceptor_name,t5.emp_name as implementor_name from change_ticket
join 
(select sprint_id,sprint_name from sprint) as t1
join (select emp_name,emp_id from employee) as t2
join (select sprint_team.team_id as team_id, sprint_team.sprint_id as sprint_id, t.team_name as team_name from sprint_team
join (select team_name,team_id from team) as t where t.team_id=sprint_team.team_id) as t3
join (select emp_name,emp_id from employee) as t4
join (select emp_name,emp_id from employee) as t5
where t1.sprint_id=change_ticket.sprint_id and t2.emp_id=change_ticket.created_by and t3.sprint_id=change_ticket.sprint_id
and t4.emp_id=change_ticket.acceptor and t5.emp_id=change_ticket.implementor and change_ticket.ticket_id=id;
END ;;
DELIMITER ;
/*!50003 SET sql_mode              = @saved_sql_mode */ ;
/*!50003 SET character_set_client  = @saved_cs_client */ ;
/*!50003 SET character_set_results = @saved_cs_results */ ;
/*!50003 SET collation_connection  = @saved_col_connection */ ;
/*!50003 DROP PROCEDURE IF EXISTS `getChangeStatus` */;
/*!50003 SET @saved_cs_client      = @@character_set_client */ ;
/*!50003 SET @saved_cs_results     = @@character_set_results */ ;
/*!50003 SET @saved_col_connection = @@collation_connection */ ;
/*!50003 SET character_set_client  = utf8mb4 */ ;
/*!50003 SET character_set_results = utf8mb4 */ ;
/*!50003 SET collation_connection  = utf8mb4_0900_ai_ci */ ;
/*!50003 SET @saved_sql_mode       = @@sql_mode */ ;
/*!50003 SET sql_mode              = 'STRICT_TRANS_TABLES,NO_ENGINE_SUBSTITUTION' */ ;
DELIMITER ;;
CREATE DEFINER=`root`@`localhost` PROCEDURE `getChangeStatus`()
BEGIN
select status, count(status) as number_of_tickets from change_ticket group by status;
END ;;
DELIMITER ;
/*!50003 SET sql_mode              = @saved_sql_mode */ ;
/*!50003 SET character_set_client  = @saved_cs_client */ ;
/*!50003 SET character_set_results = @saved_cs_results */ ;
/*!50003 SET collation_connection  = @saved_col_connection */ ;
/*!50003 DROP PROCEDURE IF EXISTS `getEmployee` */;
/*!50003 SET @saved_cs_client      = @@character_set_client */ ;
/*!50003 SET @saved_cs_results     = @@character_set_results */ ;
/*!50003 SET @saved_col_connection = @@collation_connection */ ;
/*!50003 SET character_set_client  = utf8mb4 */ ;
/*!50003 SET character_set_results = utf8mb4 */ ;
/*!50003 SET collation_connection  = utf8mb4_0900_ai_ci */ ;
/*!50003 SET @saved_sql_mode       = @@sql_mode */ ;
/*!50003 SET sql_mode              = 'STRICT_TRANS_TABLES,NO_ENGINE_SUBSTITUTION' */ ;
DELIMITER ;;
CREATE DEFINER=`root`@`localhost` PROCEDURE `getEmployee`(in id int)
BEGIN
select employee.*,t.name from employee join (select team_id,team_name as name from team) as t 
where t.team_id=employee.team_id and employee.emp_id=id;

END ;;
DELIMITER ;
/*!50003 SET sql_mode              = @saved_sql_mode */ ;
/*!50003 SET character_set_client  = @saved_cs_client */ ;
/*!50003 SET character_set_results = @saved_cs_results */ ;
/*!50003 SET collation_connection  = @saved_col_connection */ ;
/*!50003 DROP PROCEDURE IF EXISTS `getIncident` */;
/*!50003 SET @saved_cs_client      = @@character_set_client */ ;
/*!50003 SET @saved_cs_results     = @@character_set_results */ ;
/*!50003 SET @saved_col_connection = @@collation_connection */ ;
/*!50003 SET character_set_client  = utf8mb4 */ ;
/*!50003 SET character_set_results = utf8mb4 */ ;
/*!50003 SET collation_connection  = utf8mb4_0900_ai_ci */ ;
/*!50003 SET @saved_sql_mode       = @@sql_mode */ ;
/*!50003 SET sql_mode              = 'STRICT_TRANS_TABLES,NO_ENGINE_SUBSTITUTION' */ ;
DELIMITER ;;
CREATE DEFINER=`root`@`localhost` PROCEDURE `getIncident`(in id VARCHAR(50))
BEGIN
select incident_ticket.*,t1.sprint_name,t2.emp_name, t3.team_name from incident_ticket
join 
(select sprint_id,sprint_name from sprint) as t1
join (select emp_name,emp_id from employee) as t2
join (select sprint_team.team_id as team_id, sprint_team.sprint_id as sprint_id, t.team_name as team_name from sprint_team
join (select team_name,team_id from team) as t where t.team_id=sprint_team.team_id) as t3
where t1.sprint_id=incident_ticket.sprint_id and t2.emp_id=incident_ticket.created_by and t3.sprint_id=incident_ticket.sprint_id and incident_ticket.ticket_id=id;

END ;;
DELIMITER ;
/*!50003 SET sql_mode              = @saved_sql_mode */ ;
/*!50003 SET character_set_client  = @saved_cs_client */ ;
/*!50003 SET character_set_results = @saved_cs_results */ ;
/*!50003 SET collation_connection  = @saved_col_connection */ ;
/*!50003 DROP PROCEDURE IF EXISTS `getIncidentStatus` */;
/*!50003 SET @saved_cs_client      = @@character_set_client */ ;
/*!50003 SET @saved_cs_results     = @@character_set_results */ ;
/*!50003 SET @saved_col_connection = @@collation_connection */ ;
/*!50003 SET character_set_client  = utf8mb4 */ ;
/*!50003 SET character_set_results = utf8mb4 */ ;
/*!50003 SET collation_connection  = utf8mb4_0900_ai_ci */ ;
/*!50003 SET @saved_sql_mode       = @@sql_mode */ ;
/*!50003 SET sql_mode              = 'STRICT_TRANS_TABLES,NO_ENGINE_SUBSTITUTION' */ ;
DELIMITER ;;
CREATE DEFINER=`root`@`localhost` PROCEDURE `getIncidentStatus`()
BEGIN
select status, count(status) as number_of_tickets from incident_ticket group by status;
END ;;
DELIMITER ;
/*!50003 SET sql_mode              = @saved_sql_mode */ ;
/*!50003 SET character_set_client  = @saved_cs_client */ ;
/*!50003 SET character_set_results = @saved_cs_results */ ;
/*!50003 SET collation_connection  = @saved_col_connection */ ;
/*!50003 DROP PROCEDURE IF EXISTS `getLatestSprintID` */;
/*!50003 SET @saved_cs_client      = @@character_set_client */ ;
/*!50003 SET @saved_cs_results     = @@character_set_results */ ;
/*!50003 SET @saved_col_connection = @@collation_connection */ ;
/*!50003 SET character_set_client  = utf8mb4 */ ;
/*!50003 SET character_set_results = utf8mb4 */ ;
/*!50003 SET collation_connection  = utf8mb4_0900_ai_ci */ ;
/*!50003 SET @saved_sql_mode       = @@sql_mode */ ;
/*!50003 SET sql_mode              = 'STRICT_TRANS_TABLES,NO_ENGINE_SUBSTITUTION' */ ;
DELIMITER ;;
CREATE DEFINER=`root`@`localhost` PROCEDURE `getLatestSprintID`()
BEGIN
select sprint_id from sprint ORDER by sprint_id DESC limit 1;
END ;;
DELIMITER ;
/*!50003 SET sql_mode              = @saved_sql_mode */ ;
/*!50003 SET character_set_client  = @saved_cs_client */ ;
/*!50003 SET character_set_results = @saved_cs_results */ ;
/*!50003 SET collation_connection  = @saved_col_connection */ ;
/*!50003 DROP PROCEDURE IF EXISTS `getManager` */;
/*!50003 SET @saved_cs_client      = @@character_set_client */ ;
/*!50003 SET @saved_cs_results     = @@character_set_results */ ;
/*!50003 SET @saved_col_connection = @@collation_connection */ ;
/*!50003 SET character_set_client  = utf8mb4 */ ;
/*!50003 SET character_set_results = utf8mb4 */ ;
/*!50003 SET collation_connection  = utf8mb4_0900_ai_ci */ ;
/*!50003 SET @saved_sql_mode       = @@sql_mode */ ;
/*!50003 SET sql_mode              = 'STRICT_TRANS_TABLES,NO_ENGINE_SUBSTITUTION' */ ;
DELIMITER ;;
CREATE DEFINER=`root`@`localhost` PROCEDURE `getManager`(in id int)
BEGIN
select manager.emp_id,t2.name ,t1.Team_name, t1.team_id from manager
join (select team_id,team_name  from team) as t1
join (select emp_id,emp_name as name from employee)as t2 where 
t1.team_id=manager.team_id and t2.emp_id=manager.emp_id and manager.emp_id=id;
END ;;
DELIMITER ;
/*!50003 SET sql_mode              = @saved_sql_mode */ ;
/*!50003 SET character_set_client  = @saved_cs_client */ ;
/*!50003 SET character_set_results = @saved_cs_results */ ;
/*!50003 SET collation_connection  = @saved_col_connection */ ;
/*!50003 DROP PROCEDURE IF EXISTS `getNumberOfTickersPerTeam` */;
/*!50003 SET @saved_cs_client      = @@character_set_client */ ;
/*!50003 SET @saved_cs_results     = @@character_set_results */ ;
/*!50003 SET @saved_col_connection = @@collation_connection */ ;
/*!50003 SET character_set_client  = utf8mb4 */ ;
/*!50003 SET character_set_results = utf8mb4 */ ;
/*!50003 SET collation_connection  = utf8mb4_0900_ai_ci */ ;
/*!50003 SET @saved_sql_mode       = @@sql_mode */ ;
/*!50003 SET sql_mode              = 'ONLY_FULL_GROUP_BY,STRICT_TRANS_TABLES,NO_ZERO_IN_DATE,NO_ZERO_DATE,ERROR_FOR_DIVISION_BY_ZERO,NO_ENGINE_SUBSTITUTION' */ ;
DELIMITER ;;
CREATE DEFINER=`root`@`localhost` PROCEDURE `getNumberOfTickersPerTeam`()
BEGIN
WITH cte as(
select t2.team_name ,count(incident_ticket.ticket_id) as number_of_tickets from incident_ticket join
(select sprint_team.*,t1.team_name from sprint_team
join (select team_id,team_name from team) as t1 where sprint_team.team_id=t1.team_id) as t2
where incident_ticket.sprint_id=t2.sprint_id GROUP BY t2.team_name
UNION ALL
select t2.team_name ,count(request_ticket.ticket_id) as number_of_tickets from request_ticket join
(select sprint_team.*,t1.team_name from sprint_team
join (select team_id,team_name from team) as t1 where sprint_team.team_id=t1.team_id) as t2
where request_ticket.sprint_id=t2.sprint_id GROUP BY t2.team_name
UNION ALL
select t2.team_name ,count(change_ticket.ticket_id) as number_of_tickets from change_ticket join
(select sprint_team.*,t1.team_name from sprint_team
join (select team_id,team_name from team) as t1 where sprint_team.team_id=t1.team_id) as t2
where change_ticket.sprint_id=t2.sprint_id GROUP BY t2.team_name)
select cte.team_name,SUM(cte.number_of_tickets) as number_of_tickets from cte GROUP BY team_name;
END ;;
DELIMITER ;
/*!50003 SET sql_mode              = @saved_sql_mode */ ;
/*!50003 SET character_set_client  = @saved_cs_client */ ;
/*!50003 SET character_set_results = @saved_cs_results */ ;
/*!50003 SET collation_connection  = @saved_col_connection */ ;
/*!50003 DROP PROCEDURE IF EXISTS `getRequest` */;
/*!50003 SET @saved_cs_client      = @@character_set_client */ ;
/*!50003 SET @saved_cs_results     = @@character_set_results */ ;
/*!50003 SET @saved_col_connection = @@collation_connection */ ;
/*!50003 SET character_set_client  = utf8mb4 */ ;
/*!50003 SET character_set_results = utf8mb4 */ ;
/*!50003 SET collation_connection  = utf8mb4_0900_ai_ci */ ;
/*!50003 SET @saved_sql_mode       = @@sql_mode */ ;
/*!50003 SET sql_mode              = 'STRICT_TRANS_TABLES,NO_ENGINE_SUBSTITUTION' */ ;
DELIMITER ;;
CREATE DEFINER=`root`@`localhost` PROCEDURE `getRequest`(in id VARCHAR(255))
BEGIN
select request_ticket.*,t1.sprint_name,t2.emp_name,t3.team_name from request_ticket
join 
(select sprint_id,sprint_name from sprint) as t1
join (select emp_name,emp_id from employee) as t2
join (select sprint_team.team_id as team_id, sprint_team.sprint_id as sprint_id, t.team_name as team_name from sprint_team
join (select team_name,team_id from team) as t where t.team_id=sprint_team.team_id) as t3
where t1.sprint_id=request_ticket.sprint_id and t2.emp_id=request_ticket.created_by and t3.sprint_id=request_ticket.sprint_id and request_ticket.ticket_id=id;
END ;;
DELIMITER ;
/*!50003 SET sql_mode              = @saved_sql_mode */ ;
/*!50003 SET character_set_client  = @saved_cs_client */ ;
/*!50003 SET character_set_results = @saved_cs_results */ ;
/*!50003 SET collation_connection  = @saved_col_connection */ ;
/*!50003 DROP PROCEDURE IF EXISTS `getRequestStatus` */;
/*!50003 SET @saved_cs_client      = @@character_set_client */ ;
/*!50003 SET @saved_cs_results     = @@character_set_results */ ;
/*!50003 SET @saved_col_connection = @@collation_connection */ ;
/*!50003 SET character_set_client  = utf8mb4 */ ;
/*!50003 SET character_set_results = utf8mb4 */ ;
/*!50003 SET collation_connection  = utf8mb4_0900_ai_ci */ ;
/*!50003 SET @saved_sql_mode       = @@sql_mode */ ;
/*!50003 SET sql_mode              = 'STRICT_TRANS_TABLES,NO_ENGINE_SUBSTITUTION' */ ;
DELIMITER ;;
CREATE DEFINER=`root`@`localhost` PROCEDURE `getRequestStatus`()
BEGIN
select status, count(status) as number_of_tickets from request_ticket group by status;
END ;;
DELIMITER ;
/*!50003 SET sql_mode              = @saved_sql_mode */ ;
/*!50003 SET character_set_client  = @saved_cs_client */ ;
/*!50003 SET character_set_results = @saved_cs_results */ ;
/*!50003 SET collation_connection  = @saved_col_connection */ ;
/*!50003 DROP PROCEDURE IF EXISTS `getSprint` */;
/*!50003 SET @saved_cs_client      = @@character_set_client */ ;
/*!50003 SET @saved_cs_results     = @@character_set_results */ ;
/*!50003 SET @saved_col_connection = @@collation_connection */ ;
/*!50003 SET character_set_client  = utf8mb4 */ ;
/*!50003 SET character_set_results = utf8mb4 */ ;
/*!50003 SET collation_connection  = utf8mb4_0900_ai_ci */ ;
/*!50003 SET @saved_sql_mode       = @@sql_mode */ ;
/*!50003 SET sql_mode              = 'STRICT_TRANS_TABLES,NO_ENGINE_SUBSTITUTION' */ ;
DELIMITER ;;
CREATE DEFINER=`root`@`localhost` PROCEDURE `getSprint`(in id int)
BEGIN
select sprint.*,t1.team_name,t1.team_id from sprint join
(select sprint_team.team_id as team_id, sprint_team.sprint_id as sprint_id, t.team_name as team_name from sprint_team
join (select team_name,team_id from team) as t where t.team_id=sprint_team.team_id) 
as t1 where sprint.sprint_id=t1.sprint_id and sprint.sprint_id=id;
END ;;
DELIMITER ;
/*!50003 SET sql_mode              = @saved_sql_mode */ ;
/*!50003 SET character_set_client  = @saved_cs_client */ ;
/*!50003 SET character_set_results = @saved_cs_results */ ;
/*!50003 SET collation_connection  = @saved_col_connection */ ;
/*!50003 DROP PROCEDURE IF EXISTS `getTeam` */;
/*!50003 SET @saved_cs_client      = @@character_set_client */ ;
/*!50003 SET @saved_cs_results     = @@character_set_results */ ;
/*!50003 SET @saved_col_connection = @@collation_connection */ ;
/*!50003 SET character_set_client  = utf8mb4 */ ;
/*!50003 SET character_set_results = utf8mb4 */ ;
/*!50003 SET collation_connection  = utf8mb4_0900_ai_ci */ ;
/*!50003 SET @saved_sql_mode       = @@sql_mode */ ;
/*!50003 SET sql_mode              = 'STRICT_TRANS_TABLES,NO_ENGINE_SUBSTITUTION' */ ;
DELIMITER ;;
CREATE DEFINER=`root`@`localhost` PROCEDURE `getTeam`(in id int )
BEGIN
select * from team where team_id=id;
END ;;
DELIMITER ;
/*!50003 SET sql_mode              = @saved_sql_mode */ ;
/*!50003 SET character_set_client  = @saved_cs_client */ ;
/*!50003 SET character_set_results = @saved_cs_results */ ;
/*!50003 SET collation_connection  = @saved_col_connection */ ;
/*!50003 DROP PROCEDURE IF EXISTS `getTicketsBetweenDates` */;
/*!50003 SET @saved_cs_client      = @@character_set_client */ ;
/*!50003 SET @saved_cs_results     = @@character_set_results */ ;
/*!50003 SET @saved_col_connection = @@collation_connection */ ;
/*!50003 SET character_set_client  = utf8mb4 */ ;
/*!50003 SET character_set_results = utf8mb4 */ ;
/*!50003 SET collation_connection  = utf8mb4_0900_ai_ci */ ;
/*!50003 SET @saved_sql_mode       = @@sql_mode */ ;
/*!50003 SET sql_mode              = 'ONLY_FULL_GROUP_BY,STRICT_TRANS_TABLES,NO_ZERO_IN_DATE,NO_ZERO_DATE,ERROR_FOR_DIVISION_BY_ZERO,NO_ENGINE_SUBSTITUTION' */ ;
DELIMITER ;;
CREATE DEFINER=`root`@`localhost` PROCEDURE `getTicketsBetweenDates`(in start_d VARCHAR(20), in end_d VARCHAR(20))
BEGIN
WITH cte AS(
SELECT ticket_id, start_date FROM incident_ticket WHERE (cast(start_date as date) BETWEEN start_d AND 
end_d ) 
UNION
SELECT  ticket_id, start_date FROM request_ticket WHERE (cast(start_date as date) BETWEEN start_d AND 
end_d ) 
UNION
SELECT ticket_id, start_date FROM change_ticket WHERE (cast(start_date as date) BETWEEN start_d AND 
end_d )) 
SELECT start_date,COUNT(*) FROM cte GROUP BY start_date  ORDER BY start_date;
END ;;
DELIMITER ;
/*!50003 SET sql_mode              = @saved_sql_mode */ ;
/*!50003 SET character_set_client  = @saved_cs_client */ ;
/*!50003 SET character_set_results = @saved_cs_results */ ;
/*!50003 SET collation_connection  = @saved_col_connection */ ;
/*!50003 DROP PROCEDURE IF EXISTS `getTicketsByPriority` */;
/*!50003 SET @saved_cs_client      = @@character_set_client */ ;
/*!50003 SET @saved_cs_results     = @@character_set_results */ ;
/*!50003 SET @saved_col_connection = @@collation_connection */ ;
/*!50003 SET character_set_client  = utf8mb4 */ ;
/*!50003 SET character_set_results = utf8mb4 */ ;
/*!50003 SET collation_connection  = utf8mb4_0900_ai_ci */ ;
/*!50003 SET @saved_sql_mode       = @@sql_mode */ ;
/*!50003 SET sql_mode              = 'STRICT_TRANS_TABLES,NO_ENGINE_SUBSTITUTION' */ ;
DELIMITER ;;
CREATE DEFINER=`root`@`localhost` PROCEDURE `getTicketsByPriority`()
BEGIN
WITH cte as(
select priority, count(priority) as number_of_tickets from incident_ticket group by priority
UNION ALL
select priority, count(priority) as number_of_tickets from request_ticket group by priority
UNION ALL
select priority, count(priority) as number_of_tickets from change_ticket group by priority)
select priority, SUM(number_of_tickets) as number_of_tickets from cte GROUP BY priority;
END ;;
DELIMITER ;
/*!50003 SET sql_mode              = @saved_sql_mode */ ;
/*!50003 SET character_set_client  = @saved_cs_client */ ;
/*!50003 SET character_set_results = @saved_cs_results */ ;
/*!50003 SET collation_connection  = @saved_col_connection */ ;
/*!50003 DROP PROCEDURE IF EXISTS `new_procedure` */;
/*!50003 SET @saved_cs_client      = @@character_set_client */ ;
/*!50003 SET @saved_cs_results     = @@character_set_results */ ;
/*!50003 SET @saved_col_connection = @@collation_connection */ ;
/*!50003 SET character_set_client  = utf8mb4 */ ;
/*!50003 SET character_set_results = utf8mb4 */ ;
/*!50003 SET collation_connection  = utf8mb4_0900_ai_ci */ ;
/*!50003 SET @saved_sql_mode       = @@sql_mode */ ;
/*!50003 SET sql_mode              = 'STRICT_TRANS_TABLES,NO_ENGINE_SUBSTITUTION' */ ;
DELIMITER ;;
CREATE DEFINER=`root`@`localhost` PROCEDURE `new_procedure`(in  team_id INT)
BEGIN
DELETE FROM team WHERE team.team_id = team_id;
END ;;
DELIMITER ;
/*!50003 SET sql_mode              = @saved_sql_mode */ ;
/*!50003 SET character_set_client  = @saved_cs_client */ ;
/*!50003 SET character_set_results = @saved_cs_results */ ;
/*!50003 SET collation_connection  = @saved_col_connection */ ;
/*!50003 DROP PROCEDURE IF EXISTS `updateChange` */;
/*!50003 SET @saved_cs_client      = @@character_set_client */ ;
/*!50003 SET @saved_cs_results     = @@character_set_results */ ;
/*!50003 SET @saved_col_connection = @@collation_connection */ ;
/*!50003 SET character_set_client  = utf8mb4 */ ;
/*!50003 SET character_set_results = utf8mb4 */ ;
/*!50003 SET collation_connection  = utf8mb4_0900_ai_ci */ ;
/*!50003 SET @saved_sql_mode       = @@sql_mode */ ;
/*!50003 SET sql_mode              = 'STRICT_TRANS_TABLES,NO_ENGINE_SUBSTITUTION' */ ;
DELIMITER ;;
CREATE DEFINER=`root`@`localhost` PROCEDURE `updateChange`(in description VARCHAR(255), in start_date date, in status VARCHAR(20),
in priority VARCHAR(20), in sprint_id int, in created_by int,in accepted_by int, in implementor int, in id VARCHAR(255))
BEGIN
update change_ticket
SET 
description=description,start_date=start_date,status=status, priority=priority,sprint_id=sprint_id,created_by=created_by,acceptor=accepted_by,implementor=implementor
where
ticket_id=id;
END ;;
DELIMITER ;
/*!50003 SET sql_mode              = @saved_sql_mode */ ;
/*!50003 SET character_set_client  = @saved_cs_client */ ;
/*!50003 SET character_set_results = @saved_cs_results */ ;
/*!50003 SET collation_connection  = @saved_col_connection */ ;
/*!50003 DROP PROCEDURE IF EXISTS `updateEmployee` */;
/*!50003 SET @saved_cs_client      = @@character_set_client */ ;
/*!50003 SET @saved_cs_results     = @@character_set_results */ ;
/*!50003 SET @saved_col_connection = @@collation_connection */ ;
/*!50003 SET character_set_client  = utf8mb4 */ ;
/*!50003 SET character_set_results = utf8mb4 */ ;
/*!50003 SET collation_connection  = utf8mb4_0900_ai_ci */ ;
/*!50003 SET @saved_sql_mode       = @@sql_mode */ ;
/*!50003 SET sql_mode              = 'STRICT_TRANS_TABLES,NO_ENGINE_SUBSTITUTION' */ ;
DELIMITER ;;
CREATE DEFINER=`root`@`localhost` PROCEDURE `updateEmployee`(in team_id int, in emp_name VARCHAR(255), in date_of_birth date,
 in sex ENUM('Male','Female','Other'), in  address_street_name VARCHAR(255), 
 in address_street_number VARCHAR(255), in address_zipcode VARCHAR(255),
 in address_city VARCHAR(255) ,in address_state VARCHAR(255), in phone_number VARCHAR(15), in joining_date date, in id int)
BEGIN
DECLARE ageOf INT;
set ageOf=calculateAge(date_of_birth);
UPDATE
employee SET 
team_id=team_id,
emp_name=emp_name,
date_of_birth=date_of_birth,
sex=sex,
address_street_name=address_street_name,
address_street_number=address_street_number,
address_zipcode=address_zipcode,
address_city=address_city,
address_state=address_state,
phone_number=phone_number,
joining_date=joining_date,
age=ageOf
where emp_id=id;

END ;;
DELIMITER ;
/*!50003 SET sql_mode              = @saved_sql_mode */ ;
/*!50003 SET character_set_client  = @saved_cs_client */ ;
/*!50003 SET character_set_results = @saved_cs_results */ ;
/*!50003 SET collation_connection  = @saved_col_connection */ ;
/*!50003 DROP PROCEDURE IF EXISTS `updateIncident` */;
/*!50003 SET @saved_cs_client      = @@character_set_client */ ;
/*!50003 SET @saved_cs_results     = @@character_set_results */ ;
/*!50003 SET @saved_col_connection = @@collation_connection */ ;
/*!50003 SET character_set_client  = utf8mb4 */ ;
/*!50003 SET character_set_results = utf8mb4 */ ;
/*!50003 SET collation_connection  = utf8mb4_0900_ai_ci */ ;
/*!50003 SET @saved_sql_mode       = @@sql_mode */ ;
/*!50003 SET sql_mode              = 'STRICT_TRANS_TABLES,NO_ENGINE_SUBSTITUTION' */ ;
DELIMITER ;;
CREATE DEFINER=`root`@`localhost` PROCEDURE `updateIncident`(in description VARCHAR(255), in start_date date, in status VARCHAR(20),
in priority VARCHAR(20), in sprint_id int, in created_by int, in id VARCHAR(50))
BEGIN
update incident_ticket
SET 
description=description,start_date=start_date,status=status, priority=priority,sprint_id=sprint_id,created_by=created_by
where
ticket_id=id;
END ;;
DELIMITER ;
/*!50003 SET sql_mode              = @saved_sql_mode */ ;
/*!50003 SET character_set_client  = @saved_cs_client */ ;
/*!50003 SET character_set_results = @saved_cs_results */ ;
/*!50003 SET collation_connection  = @saved_col_connection */ ;
/*!50003 DROP PROCEDURE IF EXISTS `updateManager` */;
/*!50003 SET @saved_cs_client      = @@character_set_client */ ;
/*!50003 SET @saved_cs_results     = @@character_set_results */ ;
/*!50003 SET @saved_col_connection = @@collation_connection */ ;
/*!50003 SET character_set_client  = utf8mb4 */ ;
/*!50003 SET character_set_results = utf8mb4 */ ;
/*!50003 SET collation_connection  = utf8mb4_0900_ai_ci */ ;
/*!50003 SET @saved_sql_mode       = @@sql_mode */ ;
/*!50003 SET sql_mode              = 'STRICT_TRANS_TABLES,NO_ENGINE_SUBSTITUTION' */ ;
DELIMITER ;;
CREATE DEFINER=`root`@`localhost` PROCEDURE `updateManager`(in teamId int, in id int)
BEGIN
UPDATE manager
SET
team_id=teamId
where
emp_id=id;
END ;;
DELIMITER ;
/*!50003 SET sql_mode              = @saved_sql_mode */ ;
/*!50003 SET character_set_client  = @saved_cs_client */ ;
/*!50003 SET character_set_results = @saved_cs_results */ ;
/*!50003 SET collation_connection  = @saved_col_connection */ ;
/*!50003 DROP PROCEDURE IF EXISTS `updateRequest` */;
/*!50003 SET @saved_cs_client      = @@character_set_client */ ;
/*!50003 SET @saved_cs_results     = @@character_set_results */ ;
/*!50003 SET @saved_col_connection = @@collation_connection */ ;
/*!50003 SET character_set_client  = utf8mb4 */ ;
/*!50003 SET character_set_results = utf8mb4 */ ;
/*!50003 SET collation_connection  = utf8mb4_0900_ai_ci */ ;
/*!50003 SET @saved_sql_mode       = @@sql_mode */ ;
/*!50003 SET sql_mode              = 'STRICT_TRANS_TABLES,NO_ENGINE_SUBSTITUTION' */ ;
DELIMITER ;;
CREATE DEFINER=`root`@`localhost` PROCEDURE `updateRequest`(in description VARCHAR(255), in start_date date, in status VARCHAR(20),
in priority VARCHAR(20), in sprint_id int, in created_by int, in id VARCHAR(255))
BEGIN
update request_ticket
SET 
description=description,start_date=start_date,status=status, priority=priority,sprint_id=sprint_id,created_by=created_by
where
ticket_id=id;
END ;;
DELIMITER ;
/*!50003 SET sql_mode              = @saved_sql_mode */ ;
/*!50003 SET character_set_client  = @saved_cs_client */ ;
/*!50003 SET character_set_results = @saved_cs_results */ ;
/*!50003 SET collation_connection  = @saved_col_connection */ ;
/*!50003 DROP PROCEDURE IF EXISTS `updateSprint` */;
/*!50003 SET @saved_cs_client      = @@character_set_client */ ;
/*!50003 SET @saved_cs_results     = @@character_set_results */ ;
/*!50003 SET @saved_col_connection = @@collation_connection */ ;
/*!50003 SET character_set_client  = utf8mb4 */ ;
/*!50003 SET character_set_results = utf8mb4 */ ;
/*!50003 SET collation_connection  = utf8mb4_0900_ai_ci */ ;
/*!50003 SET @saved_sql_mode       = @@sql_mode */ ;
/*!50003 SET sql_mode              = 'STRICT_TRANS_TABLES,NO_ENGINE_SUBSTITUTION' */ ;
DELIMITER ;;
CREATE DEFINER=`root`@`localhost` PROCEDURE `updateSprint`(in sprint_name VARCHAR(255), in start_date date, in end_date date, in id int)
BEGIN
UPDATE sprint 
set sprint_name=sprint_name,
start_date=start_date,
end_date=end_date
where 
sprint_id=id;
END ;;
DELIMITER ;
/*!50003 SET sql_mode              = @saved_sql_mode */ ;
/*!50003 SET character_set_client  = @saved_cs_client */ ;
/*!50003 SET character_set_results = @saved_cs_results */ ;
/*!50003 SET collation_connection  = @saved_col_connection */ ;
/*!50003 DROP PROCEDURE IF EXISTS `updateSprintTeam` */;
/*!50003 SET @saved_cs_client      = @@character_set_client */ ;
/*!50003 SET @saved_cs_results     = @@character_set_results */ ;
/*!50003 SET @saved_col_connection = @@collation_connection */ ;
/*!50003 SET character_set_client  = utf8mb4 */ ;
/*!50003 SET character_set_results = utf8mb4 */ ;
/*!50003 SET collation_connection  = utf8mb4_0900_ai_ci */ ;
/*!50003 SET @saved_sql_mode       = @@sql_mode */ ;
/*!50003 SET sql_mode              = 'STRICT_TRANS_TABLES,NO_ENGINE_SUBSTITUTION' */ ;
DELIMITER ;;
CREATE DEFINER=`root`@`localhost` PROCEDURE `updateSprintTeam`(in team_id int, in id int)
BEGIN
UPDATE sprint_team
SET
team_id=team_id
where
sprint_id=id;
END ;;
DELIMITER ;
/*!50003 SET sql_mode              = @saved_sql_mode */ ;
/*!50003 SET character_set_client  = @saved_cs_client */ ;
/*!50003 SET character_set_results = @saved_cs_results */ ;
/*!50003 SET collation_connection  = @saved_col_connection */ ;
/*!50003 DROP PROCEDURE IF EXISTS `updateTeam` */;
/*!50003 SET @saved_cs_client      = @@character_set_client */ ;
/*!50003 SET @saved_cs_results     = @@character_set_results */ ;
/*!50003 SET @saved_col_connection = @@collation_connection */ ;
/*!50003 SET character_set_client  = utf8mb4 */ ;
/*!50003 SET character_set_results = utf8mb4 */ ;
/*!50003 SET collation_connection  = utf8mb4_0900_ai_ci */ ;
/*!50003 SET @saved_sql_mode       = @@sql_mode */ ;
/*!50003 SET sql_mode              = 'STRICT_TRANS_TABLES,NO_ENGINE_SUBSTITUTION' */ ;
DELIMITER ;;
CREATE DEFINER=`root`@`localhost` PROCEDURE `updateTeam`(in team_name VARCHAR(255), in description VARCHAR(255), in location VARCHAR(255), in id int)
BEGIN
UPDATE team 
set team_name=team_name,
description=description,
location=location
where 
team_id=id;
END ;;
DELIMITER ;
/*!50003 SET sql_mode              = @saved_sql_mode */ ;
/*!50003 SET character_set_client  = @saved_cs_client */ ;
/*!50003 SET character_set_results = @saved_cs_results */ ;
/*!50003 SET collation_connection  = @saved_col_connection */ ;
/*!40103 SET TIME_ZONE=@OLD_TIME_ZONE */;

/*!40101 SET SQL_MODE=@OLD_SQL_MODE */;
/*!40014 SET FOREIGN_KEY_CHECKS=@OLD_FOREIGN_KEY_CHECKS */;
/*!40014 SET UNIQUE_CHECKS=@OLD_UNIQUE_CHECKS */;
/*!40101 SET CHARACTER_SET_CLIENT=@OLD_CHARACTER_SET_CLIENT */;
/*!40101 SET CHARACTER_SET_RESULTS=@OLD_CHARACTER_SET_RESULTS */;
/*!40101 SET COLLATION_CONNECTION=@OLD_COLLATION_CONNECTION */;
/*!40111 SET SQL_NOTES=@OLD_SQL_NOTES */;

-- Dump completed on 2022-12-09 15:35:17
